rank	username	minecraft:custom/minecraft:play_one_minute
1	EcksD	1728844458
2	Spacewardharpy7	727124838
3	lordpipe	684424289
4	Hyp3rion_	658261115
5	Mahoose	550198735
6	joethahobo	533301423
7	Lez_	421709728
8	beeperbeeper5	337149982
9	HellsSponge	321833253
10	oscminus	316895929
11	Ezekson	313078823
12	thewindmillman	310647340
13	TheShyPig	306489126
14	noam464	302188423
15	doublemaki	294014875
16	Jackattack53	279485505
17	Yamdalorian	275251297
18	pintsizedrogue	266826372
19	Di_infiri	226725963
20	luseis	219158438
21	SteveCraftBlocks	201369668
22	Caribouse	201266641
23	Werbe	180277849
24	eitanzaki	178270833
25	Kowcio_	177285996
26	Akoot_	172771862
27	Mr_Byzantine	168187207
28	Blackberry1310	164643624
29	Manaateee	160185185
30	Enderxz3	157401988
31	Mattesco	146941157
32	cutelilreno	139138062
33	EMC_	136453104
34	Spaghettatron	132325430
35	kekhon	128654546
36	TechnoNinja64	124161602
37	SoosAmongus	123065828
38	Blaiku	121011402
39	hanaryheatwave	115197311
40	PlasticOtari	114816056
41	Frozil20	114244116
42	500am	109183178
43	FreakGenius	104289322
44	MattieHD	103333927
45	TheSecondLord	102581561
46	Steelynan	101976833
47	craaaash	101299846
48	thescout7	99153170
49	Eraxa	97435539
50	PigDab	96298804
51	ImpavidArcher	95906872
52	rarrq	91948903
53	Merv__	91224628
54	Lord_Jord	87896570
55	Zythose	87179762
56	Soplight	84826717
57	Legendosh	84715585
58	claivin	84116954
59	Alteriity	83763024
60	Jimb0nat0r	83488804
61	EveryonesUncle	79782748
62	gcaisawesome	76939610
63	_Dean_123	76077132
64	12Magner05	75449546
65	Groovy_MoonBird	74979611
66	Arceus1975	74814149
67	MightyWertu	74271727
68	Huwulling	72255369
69	ConnorDanky_	71595228
70	MyNameIsJobo	70558498
71	Racengan	68390122
72	PazinGaming	66591809
73	wwwwinnebagoooo	66172828
74	MilleGrug	62631080
75	Fullut	61959717
76	Shogunite	60852593
77	k_ce	60702117
78	knarian	58741630
79	SammiWolfGirl	58328386
80	xxPipperDipperxx	56156978
81	Blu3beast	55408672
82	Marbz_	55363579
83	lpinfinity	53595542
84	Snowflowe	53434888
85	Jimi7hits	53191950
86	MakeHistory157	51930893
87	El_Jalapeno	49890751
88	NomadicRobin_	49775455
89	pixelviolin	49282831
90	Ryan_GEMS	48643430
91	Kakolbus	47334651
92	Segotep999	46109399
93	m_be9	45431498
94	Krowuss	45379452
95	PhantomsGhost_	45248556
96	mihimihimihi	45239994
97	Inchef	45198905
98	MAns_44	44318100
99	Skylord_Luke	44266532
100	T045RTY	43491621
101	burbankbuilder28	43395138
102	_Mythic____	43196985
103	Tyrannosplart	41288064
104	hermmm_	40238462
105	TheWickedBird	40026478
106	U_Mos_	39946313
107	Bumpy419	39919465
108	himak1	39462471
109	_witch_craft_	39008419
110	Spenduh	38683334
111	Pumpkin_P_Patch	38084404
112	Rebytre	37900010
113	Hisiste	37658881
114	MyMawgDonaldsGon	36562675
115	CoffeeNoir	36288055
116	Niklas20114552	35803962
117	vandmanden	35647205
118	ApophisNova	33625210
119	MyNamaSheff	33528456
120	Buuck_	33033789
121	Skippeh	32979104
122	Onennon	32961037
123	jnp_gaming	32916133
124	Inbefour	32494768
125	xzvu	32234026
126	RebelAndroid	32111771
127	Hiryu27	31889820
128	_Huge_Male_	31637575
129	Historical_Sand	31607641
130	PortlyPete69	31100390
131	Fuad_R	30946962
132	Quotary	30814696
133	CacheOut	30660658
134	DarlaMeow	30457986
135	ECstardust	30392270
136	Xalithia	30379268
137	SpacesickPrism	30012959
138	Paul_Katan	29722431
139	NatalieTW	29577440
140	non089	29258102
141	TheBananaKat	28749606
142	Rumpletaezer	28749395
143	SuperPooch06	28664559
144	Iamthejo	28576512
145	ShedJr_	28526345
146	AlexxO_o	28518558
147	SvenskaHugo	27662213
148	bloodbiter	27431685
149	bl1ss0	27382134
150	IlkeCookes_	27006295
151	Covalents	26954984
152	Groundler	26872426
153	Xclax101	26409417
154	royal_2	26310571
155	F_Uhre	26197615
156	CalebDHawk	26165788
157	obzii	25892899
158	pappaberg	25675904
159	TheKingK_	25425106
160	TwinTowerV2	25408211
161	fffMike	25357890
162	elliebelle107	25179799
163	Maenara	24817874
164	RoskobiOne	24458435
165	censorsheep	24439768
166	ayamefag	24427147
167	Sral7	24396872
168	Awyrlas	24084051
169	Studio4x32	23946539
170	calamariclam_I	23891270
171	milltesco	23849098
172	_Karmaa	23844226
173	Nicserso	23774978
174	_flud	23705967
175	Chromary	23693290
176	11Brewer	23469303
177	__tomato	23146900
178	6king6colt6	23141147
179	masskedman	22861237
180	SkateboardR6	22789443
181	Apollo_993	22614539
182	LordSpeed37	22563296
183	teslawolf38	22479267
184	00000000-0000-0000-0009-01ff0c3e5e4f	22394821
185	M_Patata	21744495
186	Winklepicker279	21366603
187	ROY4LE	21344719
188	es0th	21234028
189	Saucepeh	21125073
190	Njensen7	21100387
191	WyngGoy	20712536
192	QuiCreans	20546421
193	set67	20535321
194	PaperCanvas	20375860
195	yulgur1	20159748
196	NameGenerat0r	20025231
197	Barlycorn	19891289
198	MasterNueve	19534331
199	Comma__	19480058
200	Deathkob	19472272
201	monky_irl	19279688
202	mwrty	19197560
203	Hoid_the_Roamer	19089513
204	Powowowow	18975232
205	excelsionprime	18914490
206	CattSoup	18872104
207	r123moore	18853935
208	ediballbearings	18448387
209	skroobiez	18154532
210	cedric72	17952516
211	Warlord324	17701458
212	StinkyDiplomat	17501044
213	h2p_emrld	17328781
214	KingMatthew506	17325589
215	DJzombiehunter	16772642
216	MinttyFressh	16735546
217	00000000-0000-0000-0009-01f8d9a2ec76	16614515
218	Mewar	16450333
219	robonya_	16366126
220	jcool7	16230217
221	AstreaTSS	16227696
222	sp00ky_ghost977	16091008
223	Ryker	16086890
224	The_slideV3	16065327
225	Kyrum2169	16034253
226	miramyu	15943744
227	djancak	15929876
228	q_wq	15888231
229	LexMakesHistory	15886492
230	jacxhadow	15821348
231	Felenov	15812368
232	SaucyDark	15650993
233	Cowison	15578075
234	soundad	15576480
235	FishyBoy3811	15495547
236	weabis	15492368
237	diamondgolem35	15184180
238	Touched_Bread	15167530
239	emreknugrlu	15131125
240	_Virify_	15083638
241	Literally_Rat	14994707
242	AuroraValkyrie	14764637
243	shadowthemonkey	14681341
244	EdGalbraith	14598192
245	RatatJuice	14554030
246	titanlax	14526072
247	EngagedGrub41	14523649
248	BumbleBeever	14461623
249	j5ylim	14406702
250	XboxPanda	14353102
251	Boipl	14346113
252	blackeemperor	13823027
253	Archsam	13810807
254	AspenLightVT	13499964
255	DanTheBuilderino	13461465
256	Secret_Canary	13447559
257	Quaintster	13369857
258	lizardfightclub	13017536
259	Ssor69	12938798
260	TheDankPlatypus	12841876
261	catandmoose	12820553
262	BobDeBouwer1337	12758603
263	Euclidoris	12686970
264	McCakeAh	12558107
265	FiguraDei	12399250
266	bigstankyy	12337151
267	I_Am_Mushkin	12089948
268	robertsnose	11998193
269	diggydog67	11958733
270	legal_tax_evader	11903036
271	powercas_gamer	11891694
272	tuckerdoodle	11863187
273	shineh10	11861512
274	Meatlaugh	11823319
275	theonlymagikarp	11798412
276	livingdaydreams	11776034
277	Bandito_Roamer	11730474
278	CLG_Kata	11667996
279	TheSeismicDuck	11599249
280	Druid95	11520861
281	slkiey	11520156
282	Dakar_	11493728
283	Leyna3	11451321
284	Franco093	11449083
285	XxCookiequeenxX	11298531
286	_TCARREIRA_	11285531
287	WET_WET_WET	11248063
288	Lutres_	11217251
289	HUNTERmaun	11177286
290	Incinere	11172568
291	Crowman1	11159035
292	Jovaphobic	11085675
293	ooga47	11007926
294	Kubelz	10984107
295	Wowful	10961916
296	_stets	10907050
297	2Stout	10860538
298	hm947	10802575
299	hydrothebot	10786757
300	DrowsyOracle	10746277
301	Eczbek	10582253
302	Elastiq	10532428
303	wx4z	10526483
304	Nach0Bear	10470651
305	lorpus	10462912
306	GooseWithin	10410184
307	Deodorante	10312480
308	NATE_the_HALO	10279530
309	taengoos	10213323
310	Gregward_Smith	10210692
311	abdomera	10193268
312	eviltunix	10127178
313	chiakirice	10119509
314	wezzzi	10106546
315	Swexti	10018040
316	yheece	10009958
317	SingedBread	9960851
318	BPTY4618	9942314
319	Fuhrer_Teemo	9925961
320	Kubeusz2010	9903024
321	LordZacler	9818128
322	Lord_Zacler	9815576
323	Wooptey	9718713
324	Dreamdbr14	9657245
325	MisfitsMike	9629691
326	BlancoFlaco	9626570
327	fw3xy	9480987
328	DinoDoctor_	9435091
329	audiocracked	9425620
330	TachibanaAkira	9341642
331	SellyZ	9301017
332	RobotMinion101	9298605
333	JESS_THE_RERE	9274559
334	Creativebuilder2	9223479
335	lorywithay	9189434
336	Sleek_Storm_721	9154360
337	Zaridey	9117845
338	corvidpartyfor6	9089529
339	stavgod	9015751
340	fkGrim	8969809
341	Optiprimus	8937032
342	SyntheticSurgeon	8851880
343	ActualPatbaf	8785333
344	2blox_	8764594
345	00000000-0000-0000-0009-01fe065167f0	8732902
346	RadarHz	8671323
347	Megarboh	8610514
348	DisgruntledKoala	8594464
349	CollinMH06	8560150
350	ougstur	8523246
351	KlausVonStiglitz	8515703
352	GravitySaint	8480935
353	Nicky_H225	8459944
354	Rasmanden	8428817
355	Myszoaz	8369332
356	NieToksikpl	8363299
357	_i_ERROR_i_	8328038
358	Reneedium	8302070
359	SpaceGrenadier	8264900
360	IamCL4SSY	8255504
361	Moofyman	8226686
362	TheSandwhich_	8194951
363	Gus2005	8165612
364	Windo_licker	8160238
365	MrExplorer	8137346
366	philandr	8121376
367	DarkS0L	8119103
368	Corbsman	8066544
369	IAmTheWalrus910	8034449
370	TheWildMateo	7863786
371	Scathra	7789482
372	The11thDoctor	7767765
373	fade_emerge78823	7687699
374	TheThomas69	7605743
375	FirsTimeGamingTV	7577383
376	MovingFish7	7561945
377	eiC_	7535116
378	JayToe	7511153
379	Sleepy_Evelyn	7490769
380	AlphaWolfPlaysMC	7466482
381	Cocoamallows	7387215
382	selectrix	7383839
383	Quincannon	7370625
384	BungalowBeet	7368961
385	Kura2218	7364107
386	Vorlice	7330077
387	FelixPSY375	7306310
388	Rani_R	7301590
389	Tersea_	7281455
390	ElectricDragon81	7272199
391	gren_ben	7257260
392	AltnumberF4	7239391
393	Paintz	7238551
394	benediktine1	7190966
395	Strangemonkey71	7184027
396	picardred	7177839
397	_Nuf	7175089
398	NotMyLucKMC	7161781
399	PlzNoBM	7155832
400	Dogcorn69420	7081308
401	Zee_zey	7076084
402	zToasty69z	7031371
403	TooManyDuck	7011797
404	SvenskaSara	7008394
405	Cruncy_	6980187
406	Malorn_Aetherius	6970681
407	OreTheBear	6969095
408	ImDisconnected_	6967553
409	Deerfoot	6939826
410	Sheldor097	6920180
411	MC_Skribble	6915951
412	intropass	6820273
413	mariominejedi	6762216
414	Hahaa_0	6718311
415	BlankityMcBlank	6707810
416	Natty	6697055
417	HolyVenom	6681728
418	Razzgriz	6643317
419	ZeroKraken	6630551
420	Fildyr	6602301
421	PegLegPete93	6583152
422	07shiny	6547653
423	groofles	6547150
424	ee_echo_oo	6545494
425	SlayerCrypto	6524953
426	HesDemonPants	6482576
427	FishisTTV	6470314
428	Lorcout	6462221
429	Syropatathe	6372888
430	Typadopoulos	6358897
431	IWorkAtIkea	6348244
432	crying_wolf_13	6344286
433	Skwillyum13	6341285
434	MSK__	6314438
435	UrbanPlanningEx	6280999
436	RedcatVII	6271069
437	AuroraSkies	6252191
438	ssleepless	6206642
439	KamFurnace	6184749
440	kalzor	6146718
441	H0UNDFRMH3LL	6146231
442	Toriankel	6112140
443	DemTechAlpha	6103249
444	Kamflame	6034889
445	heckface	6026392
446	ZeaBaron	6021755
447	Kouridragon	5960328
448	Jordan_R	5910288
449	NoChumpChange	5859433
450	Prodiginus	5834670
451	LeCavalier636	5822976
452	prizm_	5815849
453	starbits140	5773907
454	Valoth	5699996
455	olliebollie48	5676525
456	LeeMcGee30	5674345
457	Luminad3	5670238
458	Kim_Jong_eel	5648929
459	Gzrdy	5612046
460	whoaluv	5590656
461	Russiancat1	5585292
462	BreadBacon	5580202
463	impossibleteapot	5535856
464	Avocadogerms	5532882
465	Jekyll	5506049
466	Mr_Sun15	5500121
467	Napoleonpancake	5464274
468	ZoomieZoomie	5437896
469	CliffEmAll	5431896
470	iSammael	5413735
471	epiksk8erduck	5399850
472	DairyNickel756	5395932
473	Luigipunch989	5344200
474	iElijah_	5316650
475	paranoid_plant	5245782
476	Moss_2006	5240472
477	Stiar	5221462
478	4774	5210275
479	Jonafrog99	5171449
480	Samificator	5108592
481	thatsjustfrankie	5096307
482	UncreativeArtist	5094293
483	KingFaenor	5086044
484	Hpdinosaur	5046340
485	Z3braYTIL	5035515
486	Cryptacity	5026538
487	Kkanot	5010824
488	cichy096	4975807
489	ItsDeltaMC	4965373
490	ProfessorDiaper	4957641
491	corpsecity	4937711
492	Rocco_Lane	4909918
493	GingerNeutron	4879369
494	Sleepy_Time_	4859429
495	UntCuPaine	4842605
496	Olib3ar	4821374
497	smogfrogg	4794192
498	Biites	4772533
499	Wolverine4302	4772370
500	CharlieButt	4734681
501	Auseawesome	4718592
502	Masssonnn	4699863
503	Tolhart	4693836
504	fr_ser	4685988
505	VentiHilton	4660794
506	Nicky19	4602836
507	seramalen	4586332
508	_3Stump_	4580964
509	jushykins	4556059
510	KeruNatsema	4528171
511	SSytex_X	4486660
512	Kijiki	4455971
513	seanitoo	4448825
514	OfficerAnvil	4408406
515	HyperCave	4395749
516	laron58	4385362
517	00000000-0000-0000-0009-01fa5d833510	4376430
518	Umprella	4352490
519	fanofbands101	4330559
520	mimbo1211	4323571
521	imcombxt	4322202
522	Tongon	4320841
523	GildedRemnant	4318254
524	thebaddruid	4313304
525	stellarjay	4306273
526	_Duckery	4305203
527	Teebone15	4299792
528	SOA1RR	4281461
529	Twighst	4259613
530	Vetral1	4254399
531	SnowfallUwU	4252721
532	Prismyst	4249717
533	CarltheCuck	4240769
534	TheEnderMan548	4216315
535	00000000-0000-0000-0009-01f536ca417f	4213819
536	gaziter10	4206126
537	QueenShuvi	4203441
538	trexgb	4193688
539	Shortest_	4180074
540	gamerlord1324	4153804
541	hoaimi	4133555
542	Airem_Core	4127351
543	Vizzoid	4077509
544	emrekn	4061941
545	SpartanNamor	4053825
546	BlueZabu	4028172
547	MustaLoordi	4025426
548	Kateesaur	4025343
549	thgrocks	4020434
550	aldplaysmc	3998560
551	MuffinManzz	3995407
552	That_tech_head	3994048
553	Rich_Kat	3966398
554	Jackster03	3940991
555	shuniji_	3938130
556	sufjanlover	3927380
557	MrKrabOnCoke	3925191
558	King_Pancake1	3904210
559	Smiguli_	3903248
560	NotMeanttoChange	3900885
561	nattybears	3900701
562	SquadMonster	3860921
563	Soul_Atreus	3859884
564	NinjaKnifeKill	3858264
565	little_dUki	3846408
566	ReSynced	3839982
567	G1ldor	3838132
568	RoboTramp7865	3819511
569	ZaneABrain	3814371
570	Juansinmiedo18	3811601
571	WYFYoyo	3804880
572	Kferno	3803034
573	ratglock	3798997
574	Reamdin	3797814
575	lotarp	3794660
576	DAD_1996	3761455
577	mawileite	3760487
578	ARandomHedge	3751652
579	Nyxiom_	3750707
580	Killercatty78	3738309
581	Donutt	3737242
582	Hyugo	3734739
583	shrimp_flips	3724730
584	IdeallyGrey	3720905
585	brofrickcheaters	3711590
586	HelloIamSora	3710946
587	TheBiggestFeller	3700054
588	layabout100	3694396
589	CrateOfBoxes	3680398
590	Drewen24	3640092
591	Truckoss	3639275
592	bloomkieren	3627653
593	domagawha	3614035
594	Whiterooster001	3589936
595	Soap_Bender	3553303
596	OG_Songsee	3553112
597	tartanboy	3507072
598	Factoroni	3479405
599	Iagoku	3458253
600	Tiberonus	3451329
601	purpolepickle	3433882
602	Vellu21	3427966
603	TheDiamondCG	3400278
604	_8man	3395030
605	Ecplosive	3390896
606	SolarKar	3368496
607	Dynamic_wolf_1	3335534
608	Froste131	3334985
609	TipDuy3010	3305312
610	BeardBois	3288523
611	__Fanda__	3287276
612	DTwenty	3271588
613	dopplexd	3258992
614	Kynigito	3254656
615	Queen_Jalapeno	3227801
616	AssFullaCum	3219805
617	parodypatient	3217406
618	IgnoredBee	3206016
619	Tommhh	3173019
620	gustarlep	3163014
621	lunkuku	3135358
622	Silvo614	3121662
623	Crizma_	3096392
624	Jakobo1337	3063150
625	MrShojo	3053380
626	MinuteMira	3049904
627	ogoa	3048123
628	ProbsNotNova	3047546
629	poopybh	3039365
630	Winston_Ingram	3022994
631	Lukeee33	3016488
632	BadenOnGod	3002569
633	ZeroAbyssTTV	3000333
634	Sorry_Arey07	2995319
635	The_SlideV5	2970177
636	Houstonion	2963170
637	301851	2960588
638	Ozixar	2943490
639	PeteO1995	2940069
640	cytotoxaint	2936904
641	Mowelan	2925223
642	Darkgon	2919477
643	_Razaria	2910965
644	AnnieBathory	2887918
645	dudcreeper	2882415
646	AngalexikCZ	2877338
647	eclipseboi	2873049
648	THEKINGLyric10	2871750
649	SpouHn	2866365
650	ScootOfBoot	2863690
651	NLKBuilder	2862127
652	EKUG	2855619
653	CaptainDeadBread	2849831
654	1442	2844247
655	NYJ	2830636
656	hcb238	2822259
657	Vanni9	2800309
658	UltraZombie	2792645
659	chipklip	2791345
660	yyatsuta	2778362
661	GGabrielSauce	2774002
662	RyuNeko932000	2765530
663	MunkaKris	2748753
664	kyouma777	2721696
665	_Cloverbelle_	2716431
666	SoftSix	2708012
667	Karetoko	2704924
668	aec9	2680768
669	Flores991	2675765
670	Cortexia	2674060
671	sammidk	2669861
672	jewbacaman	2631919
673	stuy9	2627706
674	Noah_Bez	2615381
675	Pofen	2615340
676	MelodyGaysharks	2611442
677	Malware_Mara	2596720
678	SHAOBADMAN	2595574
679	PuFY	2593733
680	AJplaysMC_	2576107
681	Cyntrical	2571114
682	i2f8x4h8ro	2569573
683	Myntsys	2567107
684	Morgf	2565554
685	teqilas	2548998
686	AmmiDesu	2548817
687	LetsDoItLive	2530340
688	akap47	2519157
689	TheALV	2505763
690	ItsColin11	2500991
691	EfficientC52	2500642
692	Fullbit_	2493724
693	SexcMf	2492917
694	Flex_Tape_Phil	2470468
695	BRRRN179	2467608
696	Hetti301	2466318
697	JETrotter	2465965
698	Bloo2406	2460931
699	fallingemma	2459862
700	rotten_mango	2459452
701	drunkeeez	2458431
702	Frxnkz	2443870
703	CarryLine	2443376
704	Deguns123	2440252
705	Karbl	2437297
706	Fizznut909	2427653
707	Drawgirl	2424836
708	EdaterPure	2416820
709	wobn	2411356
710	Kronos42	2401715
711	Vetomo8000	2399299
712	The_Quack_Dealer	2398713
713	zorin123	2385802
714	Alex_Hansen	2377318
715	Heisenbberrg	2372744
716	KliBeast21	2355243
717	EtherealEspresso	2351512
718	_MeowMix	2346750
719	Lazy_geniusig	2341856
720	dimondking777	2330099
721	yaboo88	2315753
722	the_russell1611	2315418
723	TrNrGhost	2312110
724	cog	2300281
725	foxncat	2294969
726	KomputerDude	2289681
727	YairZaki	2274590
728	Batman922	2272321
729	oreee	2270148
730	SwooshBoi	2266737
731	LovableFemboy	2263740
732	the__Reaper4999	2258703
733	Mr_Froxy	2257182
734	natajimi	2252458
735	Jahara	2236432
736	mobunni	2230067
737	_Nat666	2226260
738	kkatsuragi	2223270
739	FadedSpade82	2211074
740	TableTim	2211070
741	Sabby65	2207156
742	ColeSnyder	2196292
743	Nekomin0	2195581
744	ClemenPine	2184277
745	zmpeg	2180699
746	Cambo5000	2171052
747	bruh072	2164645
748	a_d_e_x	2164488
749	Colmer94	2161519
750	KartivGal	2157697
751	Motsaro	2150887
752	Dali1465	2139680
753	cheerytomato	2132402
754	stevewithclout	2131915
755	KingEgg1	2130979
756	BodaciousCake	2129221
757	Burge_r	2128093
758	LordAurum	2125720
759	Julmish	2124630
760	gabukun_	2114916
761	shdesolt	2110252
762	GoofyBread	2108186
763	Lumien_	2107423
764	CheifJumbo	2094276
765	DermeinUser	2091459
766	LeEricc	2088716
767	ese_wn_po	2081139
768	InfernalMound	2067857
769	redikul	2067400
770	AvaRosey	2066987
771	fr0stss	2057459
772	MindyDooWho	2054905
773	Tobinator_007	2053725
774	TheOuterCore	2053505
775	Lord_Doob	2045766
776	DC_XII	2039481
777	JitteryJared2	2038661
778	Solar_Power	2037189
779	CACTUSLAD	2032336
780	Ravenbie	2030520
781	ProbablyNick	2028493
782	peach0s	2019501
783	xPixelRainx	2019383
784	Shin69	2018688
785	Jij0	2016375
786	LazySupport00	2010427
787	DASH_X7	2004976
788	Shiirazu	1998813
789	surfinggiraffejp	1997517
790	PabloGonza02	1990386
791	geekbird	1984969
792	Joestra	1984881
793	lumiscosity	1978797
794	RefluxRatio	1976514
795	Synthoum	1975726
796	TheOnlyRake	1971832
797	MOSS000	1971810
798	ewpunk	1971593
799	Bobby808	1971097
800	Jiminbub	1961679
801	nocturne78	1947486
802	ThePoliteG	1935766
803	firesgal3116	1935559
804	underscore_2	1931714
805	SaltineDream	1930813
806	_AAZAR	1927753
807	tobinwilliams	1925488
808	Crowvens	1924126
809	SaphSaff	1923781
810	ccwildfire1	1915295
811	SUN_DREAM	1909621
812	Voxin2K	1904684
813	Base_Tempest	1901841
814	orxngejuice	1893711
815	SirPiccardo	1889387
816	Zxhir	1882701
817	Arteriana	1873258
818	Harotio	1871454
819	cyrusisntgay	1861721
820	Yatitay	1861422
821	BronkerBrum	1858807
822	abramgray	1850947
823	MustardDrinker	1843403
824	TheDumbHuman	1830202
825	JohnnyFyes	1829309
826	2extreeme	1825256
827	RustyKedel	1823794
828	Foof13	1815097
829	nagyvad	1811518
830	ewsophie	1806486
831	chimpmunker	1803042
832	Paint	1798078
833	dendydoom	1782536
834	net_flex	1773853
835	dabloons	1763221
836	Tjhodskins19	1762847
837	DSYisDizzy	1758454
838	MixerDixer	1756035
839	Kekoo	1752323
840	yuuxxii	1748422
841	Bazongoman	1745811
842	SyK7	1745341
843	goldyx	1743224
844	AlazelTheReal	1738192
845	QuesoCrusaderIII	1737106
846	brycepants	1735576
847	tompup	1730140
848	krutas2000	1729508
849	LilyNova	1727817
850	GLLogan2	1727036
851	Deu_Stew	1720949
852	andy_rex	1713034
853	NormanFetus	1711684
854	fxiryglitch	1702361
855	mountaingirl311	1701210
856	UncleDanDan	1698683
857	pumpfonzo	1695420
858	IvarEXE	1693671
859	Doom_melon	1689449
860	mafiKiwi	1687813
861	ChronoSounds	1684672
862	Avrelion	1684340
863	Alexanderjac	1683220
864	hollowww	1665354
865	AtlanticRobin	1658262
866	gary_	1653478
867	Zetsey	1649196
868	Minimize501	1645800
869	Zedducius	1645668
870	Thunder_bird4337	1638871
871	FormulaNewt3627	1633046
872	balin55	1627356
873	Paleshield	1625963
874	HeraclesOGU	1625644
875	Yahir091	1623921
876	Toiton	1620207
877	jimintyy	1616479
878	ebanana	1616406
879	Gryglu583	1615922
880	drumine	1613429
881	BilboBaggins23	1609228
882	Afinnity	1608161
883	Weepingbiel	1603978
884	alanbleachdemon	1601136
885	John6970	1595104
886	Miroryk	1590812
887	txxskx	1588628
888	StanceTB	1587786
889	420BreadLizard	1586375
890	Azmodan_246	1585233
891	ItzYaBoiPicard	1577894
892	ReyTheLegend	1577560
893	JoeSaysBingBong	1575972
894	Yahrto	1561552
895	FlashMigma	1560141
896	OneLessChromosom	1557273
897	CornOnTheCobalt	1555371
898	Soffbord	1555210
899	TJawesome09	1551950
900	Wolf_Mauler_73	1544484
901	mattybeewrapss	1539648
902	J4k__	1538315
903	Majonezzon	1537677
904	DennyKai	1534558
905	creatineshakes	1532428
906	_themselves	1527847
907	Stynxy	1522637
908	avalan64	1520020
909	Jalvajar	1519250
910	okCrypto	1517516
911	CoryJJ	1515945
912	YahooScreen9000	1513814
913	Skomo	1507110
914	__TheNorseMan__	1506561
915	Septemb3r	1506419
916	Lepthymo	1505115
917	DarkLawD	1504913
918	The_Fulgurator	1503600
919	ATrojansLegend	1502516
920	steppe_nomad	1499230
921	ColdPath	1494973
922	Thaumatarge	1494907
923	St4nLe7	1494142
924	BigCronkin	1487778
925	jedi_george	1487099
926	KGTV	1485915
927	Guillemet	1476312
928	radioactv_jelly	1475003
929	Parcc	1474957
930	SharpDev	1469950
931	erkada	1468247
932	ILoveCarrot	1461702
933	SDMNAEK	1460929
934	ori0le	1458703
935	Matorz	1456642
936	TAKrules	1453354
937	Giannism	1446870
938	B3nzito	1445888
939	_Tilariel_	1444099
940	thatbeanyboi	1441846
941	HAIRYCLOUD626	1437809
942	Decaying_Lotus	1436463
943	Chickenchaser2	1429115
944	killmeiamtraitor	1426233
945	Arivana	1425409
946	Moetis	1424241
947	CueMix	1422488
948	DiscardedCE	1420203
949	QueenOfDirt	1417313
950	sandmire	1416888
951	valkam13	1411576
952	Paguz01	1407788
953	xDraggin	1403869
954	Travka100	1396137
955	voiding_	1395707
956	NebulousBadger	1392895
957	NumbaOneMunch	1390067
958	CosmicStardustt	1387641
959	MS_Pryxx	1386070
960	_Yonk_	1382266
961	TheRealAndrin	1381348
962	NoxxxxiS	1379625
963	Chrisdeadeye	1376824
964	CaracolCxnt	1372646
965	Celeste_121	1372536
966	dartwaffle	1371230
967	heysushii	1370278
968	Dblikstad	1368596
969	YungWali	1368337
970	ItsAki_	1365108
971	Raltemoxitonica	1364530
972	MC_Gamer_Geek	1359654
973	bitsplease	1357850
974	MonitorLizards	1355824
975	DolphinLaugh	1355198
976	Corkchef	1350301
977	Erased_Identity	1345333
978	handsome_strong	1336431
979	remgrandt	1332574
980	rachcl	1332397
981	nitram49b	1329286
982	BartekB19	1328880
983	LilLizardWizard	1328011
984	ElderRifken	1317358
985	Koffeeinz	1313934
986	Dan_Scha	1312849
987	wiqor	1311768
988	TheTommyGun63	1308743
989	noodlepack	1308673
990	CrazyPotater	1305772
991	kitlash	1303155
992	ConnorTG5	1299487
993	toj__	1297152
994	horrayhorray123	1295743
995	xXTheWolfmanXx	1292821
996	platinumzero	1279262
997	Frigzy_	1277681
998	breadbowlgamer	1274875
999	robotemo	1271436
1000	Kryktal	1268428
1001	XeroByMyth	1266683
1002	LuisCarreroBla	1261170
1003	AshleeCW	1257361
1004	EnigmaTheYeen	1253996
1005	Ev0luti0nz	1253495
1006	Purplehere	1251060
1007	DanielMmm	1249752
1008	NutellaPenguinz	1248915
1009	738b4f65-6cbd-4ead-ba31-c14211abfb06	1247539
1010	3_Solar_3	1247335
1011	remmisrat	1246706
1012	Zippyzam	1243847
1013	Blazebit	1242435
1014	MousePlays	1242043
1015	xorompole	1235305
1016	Nadhorion	1234765
1017	RosaDoesMC	1226876
1018	ItsJunoIGuess	1226768
1019	Studyhallsaver	1222080
1020	DracZz	1218495
1021	NotKaden_	1218207
1022	tsohomie	1218157
1023	Elprone266	1217011
1024	Louiis123	1216650
1025	KermitTheKripple	1213615
1026	Leithz6	1213280
1027	SPUDonSTEROIDS	1212912
1028	nut_e	1210995
1029	lolpoottoot	1209891
1030	Allchemy	1199121
1031	Vamperouge	1195862
1032	Mookle96	1194689
1033	TakeThis2UrGrave	1192571
1034	Khoaducquan1234	1191772
1035	Sharksicle_art	1185716
1036	aluminumhelmet	1179949
1037	Sebaschan__	1177996
1038	jaimshae	1177977
1039	grislgrobl	1177113
1040	Fakiuss	1174811
1041	Pineapplesugr	1172963
1042	Rainaldus	1172795
1043	athereall	1169447
1044	Gemstuff	1166408
1045	striker90333	1163446
1046	Jorrdi	1161360
1047	__Auspicious	1161114
1048	Flapjacker687	1157027
1049	ConcretePirate	1155105
1050	Sank34	1152123
1051	technic_squirrel	1152091
1052	Kymarmalade	1150504
1053	Jokerman369	1149611
1054	Slapface522	1149535
1055	TheFlfthHorseman	1148050
1056	silverpopcorn	1145836
1057	_Dri_	1141228
1058	Ender_Souls	1139387
1059	Sharkbyte0	1139186
1060	Mistruth	1139142
1061	Vlorox	1137032
1062	Project_MKBRD	1134993
1063	Tmb1	1134781
1064	MusicMe1005	1134695
1065	FreeMoCo2009	1134334
1066	Seyaboy	1132104
1067	Meepcraft	1130780
1068	LugusMcGrugus	1130774
1069	the_fireminer	1129918
1070	marumochis	1129861
1071	coobert42	1127517
1072	Aakvaa	1127306
1073	LagVibes	1124163
1074	Juh1s	1124073
1075	bananowySigma	1123508
1076	DaviusMaximoose	1122520
1077	DepressedCubic	1120145
1078	AdvertisingMerc	1116185
1079	SpicyMeatballs	1110740
1080	MrMeisterProper	1110373
1081	Fast_Turtle	1110246
1082	ibarker21	1109311
1083	MrQuanQuan	1107878
1084	Tiktola01	1102267
1085	jspwn	1101345
1086	Ze1ig	1100572
1087	Pelbo	1099291
1088	_k2x	1098692
1089	Kattma	1096644
1090	Bolete	1095320
1091	e_hernandez57	1094918
1092	Chuglyfe	1092665
1093	caesarleon	1088033
1094	madderfall	1084833
1095	chlorinex	1083981
1096	MustardSquid	1080602
1097	icim	1079026
1098	Matemkas	1078399
1099	podduszenie	1076778
1100	Btabtab	1073592
1101	SeverianOfUrth	1072719
1102	squigglybones	1066533
1103	JasmineGK	1065641
1104	Upstro10	1064210
1105	master9067	1059818
1106	ZigzagLily43042	1057227
1107	Western_1	1045452
1108	TinMaster	1045394
1109	zOnlyKroks	1042352
1110	Wouttke	1041572
1111	BiggieDawg	1041507
1112	kaiwill0w	1041185
1113	Zerosene	1038711
1114	Sparky_KT	1038396
1115	FGamerJ	1037698
1116	OPTOMA_KING	1035990
1117	roxycherry	1034429
1118	wrinkledpiglet	1031840
1119	00000000-0000-0000-0009-01f26ea966c4	1029724
1120	SlowMoNinja1994	1025886
1121	ItsGrayWolf	1022800
1122	bpmm	1020323
1123	Vol_Rod33	1018431
1124	Bambuino	1016416
1125	Gundam_Steven	1015091
1126	jambvds	1012958
1127	Raspberry_Sodas	1007053
1128	CaptainAvenger7	1006078
1129	Choco_Spy	1003635
1130	valiSW	1003148
1131	Aavermu	1002965
1132	HoltGrim	997708
1133	Ajax6	994640
1134	autisticcupcake	983045
1135	elleparo	979149
1136	Pickel_Lord	976576
1137	amkold	976013
1138	ciemacigans	972478
1139	TheRomanNoodles1	970391
1140	Nargotah	967141
1141	CrookedKaptain	965027
1142	Cellcorgi649	963710
1143	Billious	960828
1144	E775	960581
1145	Logain42	959594
1146	Penguinllama517	953622
1147	JohnPrice	949239
1148	Astronicky	945968
1149	PartyPhoenix	940410
1150	mushroomgirl101	939139
1151	OreoPenguin_	938989
1152	Tropiicant	931689
1153	ElKaySVK	927628
1154	Kegradigm	927593
1155	Katthaj	920964
1156	knuxify	920384
1157	MandenR1	911328
1158	_Crimson_Legate	911001
1159	halfbakedlasagna	909930
1160	nonarso	907807
1161	squeezal	907076
1162	LittleBug562	906652
1163	Laykon	905183
1164	gilesmcriles	904845
1165	WarHammer3	901076
1166	WinterSepp	895828
1167	cyuar	894847
1168	TheMaster972	894130
1169	xFaiithyX	892362
1170	BigBootyHudge	891255
1171	TrollerYT	886441
1172	Spankathor	885557
1173	Robby_Cream	881496
1174	_vlex	881148
1175	Mobstr	871278
1176	Invintic	871258
1177	elicobnoah	866862
1178	00000000-0000-0000-0009-01faf4342590	865006
1179	Jonte0599	860716
1180	Sqwishy	857026
1181	BubblyOrangutan	855239
1182	Armattillo	849613
1183	somegirl12_	848747
1184	Tou3bann	848739
1185	NanoShot	846063
1186	Kiki_Majiki	841197
1187	LJW517	841104
1188	00000000-0000-0000-0009-01f3e0064b49	836871
1189	Dark_Crusader21	832741
1190	Methalox1	831320
1191	momis24	831243
1192	Mariopreeet	830734
1193	Hanselhoof	822625
1194	leaf26	821556
1195	hijeatsdirt	820107
1196	Haadrada	815176
1197	Simon_Lowell	815169
1198	godipose	813554
1199	SpaceTurtleOX	812948
1200	lunaticusx	811393
1201	Invisie	809968
1202	aikabot	809579
1203	Charmyboi	809275
1204	Lekol	808378
1205	tortillatitan	806734
1206	c0la_c0ca	806573
1207	SamZombie	806094
1208	mr_crabs761	805836
1209	vvhing	802740
1210	Pearlescents	800971
1211	HuangMeiHua	797866
1212	561cool	797179
1213	j4ck811	796781
1214	kars0n	795779
1215	Huic_ostiarius	790791
1216	Inconvenionce	790132
1217	Aryamanee	787107
1218	Cyanide4Kitten	785134
1219	MinerDec	784368
1220	RohnJosin	782738
1221	Orcus113	779911
1222	ThatMan_Dave	779110
1223	trixterrx	778635
1224	OverallConcept	772875
1225	I_Moose	772422
1226	Healthing	768296
1227	markaus77	766146
1228	Gamergirl420628	765469
1229	Gab4101	752726
1230	PizzaJake	751924
1231	Hail_the_wombat	751490
1232	redlightshift	751079
1233	DrGrant	750931
1234	Y_A_N_N_I	750561
1235	501g	749903
1236	CalvinCandie17	747659
1237	Deliriohm	744190
1238	RIPB0ZO	743932
1239	Mimiir345	743889
1240	theofiel	741799
1241	00000000-0000-0000-0009-01fc3bb26159	740868
1242	_Ruzeeq_	738276
1243	PeaceAndQuiet	736269
1244	Freedrik	735186
1245	weezygator	734682
1246	C0oOK13M0N5T3R	734584
1247	ReverendSmith	731800
1248	HELLO_I_AM_BEAR	730362
1249	ElementalHeroGJH	727147
1250	DeeDeeThonk	726529
1251	queenalina123	726519
1252	Freeman666	726277
1253	Zlatovlas	723481
1254	doxicusmaximus	719567
1255	Adem192	719409
1256	lcn	718811
1257	Ghemmah	718005
1258	xKhoshekh	713357
1259	00000000-0000-0000-0009-01fe0e2fb0b5	713090
1260	TruestTurnip	712325
1261	skatch212	712089
1262	Humpcat	711327
1263	PhantomBionic	709390
1264	annoyingenderman	707805
1265	EmrotoL	705149
1266	SolicitedPuma101	704843
1267	Norrhede	704629
1268	2xil2	702785
1269	GeromeMerris	701641
1270	MrTentacles2169	698927
1271	TastyPorkchop	698042
1272	FennYuzuna	696554
1273	DontHaveKick	694263
1274	Blammm	694072
1275	ZoharGoldMine	691404
1276	albus0x	690799
1277	InchoateOyster	689736
1278	JustinRee	689332
1279	Smaldo	687679
1280	wickedword	687607
1281	Sloths_Ender	687583
1282	K_a__a_n	687370
1283	Sophia_Irene	685903
1284	Gingayy	683914
1285	DrProfAwesome	681525
1286	Tristankill	677844
1287	ComplexSquirrel	670497
1288	Aezekial	669059
1289	Shavrin	668317
1290	Crasswolf	668194
1291	p4lp	666740
1292	kiluaemc	666586
1293	The_Skramz	665462
1294	RoBe__	664974
1295	Serval2000	664319
1296	thechoosenone69	662295
1297	DirtyDalle	661510
1298	PixelatedBoss	658895
1299	Aangezet	657210
1300	victorLIE	650683
1301	spellmre	650594
1302	sq0id	650374
1303	ChrisKyleST3	649228
1304	ABUSNA1996	649158
1305	PlumDaPlum1617	648116
1306	Vicemaniac	646628
1307	belly0_0	646062
1308	LordBlaze11	644009
1309	LitoDelvito	642920
1310	openatheclose	642593
1311	Blamphe	640123
1312	nev_s	639289
1313	Cattoh	637093
1314	Diavri	637079
1315	out1s	636667
1316	Captain_Nasty	631714
1317	ItsJWolff	631635
1318	SygnalX	630311
1319	Jindong	629809
1320	hdtpm	627960
1321	Templar_David	627635
1322	fenkuu	627211
1323	xof_on_microwave	626242
1324	peachfuzz1267	625261
1325	Sagaram	624898
1326	Patwannabegamer	621756
1327	BoraMC	620808
1328	Celaydon	620687
1329	rpmm	619548
1330	_Z3RIX_	618274
1331	sea_otter_h	616110
1332	drompje	613184
1333	dedgt	612962
1334	SidorAlex	611925
1335	NotRemets	609626
1336	JustAWill_	608432
1337	Myrosia	604530
1338	Ilovebacon2	604082
1339	Pootis11	603381
1340	Matyyy15	602220
1341	BubblyPrototype	598626
1342	morgangauk	598232
1343	_HoneySlime_	597788
1344	monolu	595118
1345	ccormacs	594750
1346	Zeezap	591403
1347	Dabatha	589509
1348	w3nd3lbo3	588312
1349	TildaAndrea	588144
1350	Matek_	587938
1351	Hoxy	587198
1352	HAruSAme14	586302
1353	Cats_Fly	583235
1354	Daedalus342	582609
1355	baxteerr	582160
1356	NotP0tato	580759
1357	Solfahrin	579719
1358	Chaotic1s	579611
1359	Jamstroxian	579605
1360	felincaus	578206
1361	VanJosh	577457
1362	Hisidae	577081
1363	BurgerKnight	576126
1364	EkkoTraveler	574554
1365	AlexChristian	574216
1366	carpet4_69	574048
1367	scarletwarrior1	573274
1368	chrolus	572960
1369	Cavetorch	572000
1370	ChampPog_	571816
1371	VersionD	569151
1372	KeterComet	569126
1373	JungeSchnauzer	567479
1374	xX_Stalin69_Xx	566589
1375	infiniteQuery	566244
1376	SlinkyPinky	565525
1377	560cool	563426
1378	LilcoinXX	562533
1379	cajibt	561271
1380	WinterYoke	561015
1381	123louis456	559377
1382	maxdacatz	558824
1383	TheImperial	557941
1384	Otto_chan	556885
1385	Ossem	555991
1386	Batoser	555178
1387	Krasnal1337	554202
1388	xyct	553889
1389	Beagle_Boy	553222
1390	BigMoneyH	551162
1391	NiveauSubmarine	551148
1392	pk1297	548322
1393	Peeing	547016
1394	Alphanzt99	546436
1395	LittleIan365	545745
1396	n0qtrnL	544744
1397	_KuruKuru	544421
1398	privatemeekly	544203
1399	00000000-0000-0000-0009-01f16526f034	543151
1400	YATO202010	542939
1401	Lotheburgh	541976
1402	bluefragmentt	541440
1403	ATurtle4936	540963
1404	Apicomplexa	539095
1405	Physics_Breaker	538950
1406	The_Thund	538649
1407	HoldThatPee	538032
1408	awesomeweasel	535459
1409	Dumkii	535093
1410	Muffindrake	533961
1411	Oragious	533712
1412	tortfeezy	532868
1413	MogusBussy69	532372
1414	mennorovers	532262
1415	Ilinca_Io	530692
1416	skelctal	530401
1417	CasperHxly	529455
1418	Empresario	528579
1419	GustavoMS_64	527823
1420	00000000-0000-0000-0009-01f9013b764e	527357
1421	bee_gorl	524500
1422	Veillax135	524360
1423	N7November	523066
1424	featherflyy	520731
1425	jacob5257	520661
1426	Ritter__	520136
1427	ThatBurritoTh0	518119
1428	Toasty_Tom	516811
1429	ehunt54	515402
1430	PirreJR	513928
1431	Ganongeek	513880
1432	potato292	511963
1433	00000000-0000-0000-0009-01fa3caf2694	511079
1434	Candad_	510700
1435	falcon244	510304
1436	widgewee	508764
1437	asspharte	507162
1438	Myrlewen	505126
1439	TheRealGameBoy24	501765
1440	Creeper_ez	499633
1441	Resner	499476
1442	CatchmyGrenade28	499235
1443	rylikesrawtoast	499231
1444	NotoriousNina	499165
1445	WarMachina	499095
1446	Chayula	497270
1447	Seindi	495121
1448	AgressiveEggdog	493157
1449	JohnnyMines	490002
1450	iTurbo	488864
1451	DarkFisto	488377
1452	Hormones	486727
1453	majlin16	486250
1454	freeandrew	485446
1455	Forcolp	483102
1456	Genius4Hire	482336
1457	JokoFiskare	481829
1458	Cordicus	481229
1459	maliraspberry	480177
1460	walll	479891
1461	dawerty	479844
1462	Rox_The_Box	479741
1463	potatocan	477907
1464	TiborSterle	476519
1465	SpaggeDR	476338
1466	Kelloogs	475726
1467	Ristebraaten	475658
1468	StylesK	475335
1469	00000000-0000-0000-0009-01f9ef10a9a2	474378
1470	Nostrom	472634
1471	Roikdean	470831
1472	owoBot	469295
1473	_darky1_	467259
1474	00000000-0000-0000-0009-01fc796cc078	466942
1475	BasedEphex	465370
1476	TylerDupree	463797
1477	aqenslover	463677
1478	bndo	462963
1479	Flopperdonkey	462532
1480	spencersolberg	462387
1481	Bucscw24	457427
1482	Calbo_	457290
1483	NeoJordache	455468
1484	spaece	454858
1485	funeralhome	454541
1486	NNikitas	453977
1487	ChocolatePepsi	450659
1488	DizzleJay311	450535
1489	sleepdrifter_	449972
1490	timbermonke	449592
1491	419mmurphy	449450
1492	dankxing	448486
1493	Firecracker320	447644
1494	MoonWatcher19	447430
1495	ChampBoii	447423
1496	00000000-0000-0000-0009-01f570995a20	447353
1497	Sniper008	446898
1498	MintyTuna	446552
1499	Allanon1235	445950
1500	Zenlou	445872
1501	KevinLikesPie	444554
1502	Travasaur	444132
1503	DkansK	440727
1504	bobbydoodledot	440623
1505	bsalt	439205
1506	SirBreadward	438957
1507	Zielo2017PL	438897
1508	babyjimmyneutron	438782
1509	Dr0xzy	438039
1510	its_lupus	434921
1511	SuperStreetCat	434498
1512	XHectorSalamanca	433337
1513	Krimys	431690
1514	Lil_Breadboy	430377
1515	sitrollover	430291
1516	bbquakes	429850
1517	Dyosy	429026
1518	superGamerBoy_	427244
1519	tonyth3tiger	425682
1520	Leksanda	424839
1521	Lor1113	424111
1522	groggregg42	423997
1523	Ao_Ken	423196
1524	PncakeUniverse	423165
1525	Aatronix	423153
1526	Furiuosbeast0404	421297
1527	SpicyDuckMan	421029
1528	reddeeem	420648
1529	bananamix994	419578
1530	SteadyFeather77	418858
1531	FingerTipz	415752
1532	Finside	415667
1533	Shoutur1	414774
1534	mediumBev	413191
1535	wordboy107	412524
1536	imaginek1d	412394
1537	CowOfTheNile	411067
1538	ashetrays	409466
1539	00000000-0000-0000-0009-01f73aa9620f	409131
1540	Strats__	408786
1541	NatrixxddxYT	407790
1542	Weinerlich	407299
1543	Lirael42	405518
1544	JewelIssac	405468
1545	Kondzik2008	405205
1546	potatol208	405093
1547	SkyHighSkier	404291
1548	Hamsanders	403404
1549	Human_Resource	402222
1550	faulder	402190
1551	al626win52	401946
1552	_Magdo_	401922
1553	AppleJacks	401776
1554	War_Time_Leader	400817
1555	__lizi	399937
1556	Jaka_Saurus_715	399864
1557	Cartoonmaniac	399218
1558	LofiGura	398241
1559	carloselpapii	397460
1560	xvphmura	395693
1561	videogames_	393307
1562	DamagedSin	393074
1563	brrh	393048
1564	IronArshXS	392084
1565	Paigefly	391660
1566	LikeableSausage	391614
1567	HeyGoat	391514
1568	nvkomata	391499
1569	Presisor	390664
1570	Caterpillar_SW	390369
1571	MangoSalad316	390076
1572	wfk7	389846
1573	EricAurum	389460
1574	BreadFruggis	389215
1575	jacobsoy	388287
1576	BrockLee169	385999
1577	duqboy	385401
1578	DebbieBrunswick	383317
1579	bmac2718	382253
1580	garrykasparow	381503
1581	brickman241	380792
1582	Admiral_Fizzy	380770
1583	LavenderBi1ch	380600
1584	Chuvacevedo	379075
1585	Swalt	378368
1586	Aerqophs	377925
1587	VilsSwag	377558
1588	xKool	377308
1589	Catharsist	377219
1590	lordsaladito	376807
1591	UnderKat	374751
1592	QuakerOatsGriff	373322
1593	Atomagus	372667
1594	Lilinaya17	371017
1595	Papudron	370082
1596	CaptainBadKid	367342
1597	CLUBN2	367183
1598	CranialBlowout	366880
1599	blackmage426	366330
1600	DaKaveMan	364461
1601	csendeslol	364234
1602	legoclone09	363119
1603	rejenita	363092
1604	shilohkid	362652
1605	obzkon	361377
1606	0nly_sn1per	360994
1607	DarkDescent2392	359585
1608	Poliitikko	359329
1609	NoHaHeHa	359319
1610	No_u4	359314
1611	CannedSam	358695
1612	Chroikey	358520
1613	jane_street	358077
1614	PlsUpdateGeyser	357703
1615	AES784	357642
1616	eli_tschki	356382
1617	xyfrs	355764
1618	TheInfernoPup	355480
1619	youarefrench_	353726
1620	alkrie	353075
1621	WhyTho_1	352911
1622	Agent108	352155
1623	swag_bro2004	351489
1624	Jackywho	351205
1625	zMarciano	350579
1626	Rasaq	350067
1627	Schlitzman	349520
1628	smarticuno	349144
1629	Athenaeaen	345425
1630	Glumb0	345317
1631	Bonzaidalek	345185
1632	o0z	345169
1633	Adlair	344274
1634	Mattasda	343685
1635	DirtyBoar	343237
1636	_Minnty_	341474
1637	Dnulgreb	341249
1638	kubinek69	340613
1639	UbeCheesePie	340466
1640	Dennid	340400
1641	Commander_Ange	340206
1642	Roenfire	338771
1643	RIDDLYRIGHT	338415
1644	Renchi19	338321
1645	__hinterland__	338060
1646	jjettii	336796
1647	TheRoboSock	336769
1648	xambsam	335350
1649	xDragonx	335291
1650	FroggoTheDoggo	334980
1651	Icyyyyy	334884
1652	buss081	334525
1653	TitanCrafting	334112
1654	JollyDroopy52	333651
1655	skonos	331954
1656	Ripzch	331381
1657	eSpawNa	330949
1658	Jjackoe	330539
1659	Posseth	330313
1660	IceYoung	329259
1661	floodjon	328780
1662	Meme25327	328673
1663	teakings	328607
1664	_purple	327884
1665	Butternutsquatch	327786
1666	luvphan	327198
1667	Professor_x8	326851
1668	Ironmine12	326464
1669	KASAN420	326396
1670	arvous	325841
1671	YinToYin	325184
1672	mrnosetackle	323286
1673	John_Acacia	323265
1674	Zcolt69	323006
1675	TheGameArchitect	322867
1676	88Hazza88	319649
1677	TeenMomTom	319235
1678	squillz105	318844
1679	VDVKmdr_2k04	318530
1680	Alfred603	318332
1681	RoseLilyTV	318278
1682	Klerick	318002
1683	Os_qq	317400
1684	Mekahsvu	316618
1685	FuxS0cy	316159
1686	loydaf124	315363
1687	Pandarus_	315112
1688	SirMinza	315022
1689	zcrk	314617
1690	Mr_Gulle_	314499
1691	Crourey	313852
1692	funnyblitz123	312312
1693	Leeeegend	310465
1694	Atroxes	310339
1695	Detrov	310199
1696	y0shik	310168
1697	TowenPL	309946
1698	SugarMyNuggets	309456
1699	Boboczus	308785
1700	BTL_craft	307891
1701	MentheMan09	307820
1702	_havick	306986
1703	Funny_Pink	306794
1704	MsFemboy	306777
1705	lordofthelight95	306647
1706	ryan521	306463
1707	blimpeey	306308
1708	minersam1	306262
1709	R1CHY2K	305399
1710	Vegvisir	305163
1711	KillerNekoRain	305153
1712	Dokkkaebi	304759
1713	GoldTunes	304352
1714	LikeXQ	304122
1715	uhm__okay	303836
1716	SourPapaSmurf	303374
1717	bluemage31	303284
1718	IronicUwU1	303085
1719	urbeans	303041
1720	Lord_Lollo	301764
1721	RocketRidge	301510
1722	CaptainSteve345	301215
1723	Dirtamaster	300780
1724	bbrothers_5	300624
1725	TheHarryMeister	300327
1726	TheRealHi	299650
1727	Vensterbankje	298912
1728	jimbo61101jr	297451
1729	jjsadler	297357
1730	Mr_Worthless	296834
1731	CryoInferno_	296390
1732	MeowMeowMcmuffin	296279
1733	Bruh77	295852
1734	Misty_Breeze	295313
1735	H_O_M_H	294264
1736	speenduhXD	293986
1737	GamerDuck123	293906
1738	Lo_zio_Diego	293620
1739	NamelessGG	292805
1740	Timfinity4	291619
1741	actuallysadie	291476
1742	ToxicHauntling	291010
1743	Emp_Saltshaker	288802
1744	not_a_duck_23	288646
1745	VTD	288622
1746	Flegneh	288209
1747	Rorrofighter	287822
1748	Waffleman258	287721
1749	Thomez_	287486
1750	updan	286574
1751	JuuustYeet	285976
1752	_AceOfSpace_	285626
1753	ketaminmann	284750
1754	Fireworks	284437
1755	Eman__1	284172
1756	the_cocos	284133
1757	UltimuShadow	283803
1758	Snow_Blizzard	283624
1759	happy_mileo	282375
1760	Pearlplatinum	281646
1761	Shazzyling	281403
1762	RexzMC_	279203
1763	LibertyMutual	278858
1764	LovelyDane	278363
1765	_Panyu_	278064
1766	Delta_Balaur	277268
1767	SlothInASuit	276867
1768	juuustpeachy	276467
1769	Under1	276446
1770	AstroLightz_	276347
1771	Sh4bby	276165
1772	MrMattyPatt	275832
1773	Siguy__	275530
1774	bean__salad	275265
1775	ChillenChiggen	273886
1776	wirelesstree	273506
1777	Shadoko_	272659
1778	dragonsleger	272474
1779	SKYPEX_	272360
1780	Dooinfe	271593
1781	iGotUrHost	271330
1782	Slinkyy7071	270118
1783	_Wannabe_	270090
1784	Niterux	269266
1785	Minc_	268623
1786	comjosh64	268210
1787	Superdays	267902
1788	jpoxman	267818
1789	Vryistal	267582
1790	LokisCharredFace	267261
1791	PercivalCaduceus	266565
1792	FL4SHYB01	266277
1793	Tergandius	266001
1794	msJabberwock	265768
1795	darkoak_door	265192
1796	Argraol	264987
1797	ConJaBz	264420
1798	Saltymart	264187
1799	Blockbard_	263724
1800	PoofHairGuy	263666
1801	00000000-0000-0000-0009-01fe74dc06f0	263031
1802	Arsinic7	262668
1803	C00kieMatrix	262632
1804	sarahlynn00	261531
1805	Skyler_Diablo	261268
1806	Jellybean1312	260859
1807	DukBob	260829
1808	DangerGirlArt	260765
1809	JMaxBlaster	259961
1810	cubecutter124	259758
1811	Ninzyyy	259533
1812	GhostRecon8014	259368
1813	dnlksl	258949
1814	BeastyBoi954911	258492
1815	ebidy	258016
1816	SBean737	257842
1817	Digcove	257662
1818	WeebleSock	257635
1819	Yoaty	257210
1820	Ch4osDoom64	256324
1821	zqw10k	255919
1822	wilgot_	255694
1823	Mister3z	255341
1824	Hypothesisow	254666
1825	Shadow4381	254160
1826	ScarmedLeft	253916
1827	Quinasin	253415
1828	Sepulcro	253265
1829	Itz_DuongVN	252141
1830	RareDude	251579
1831	verynothing	251049
1832	gloominq	250897
1833	MEMES4_LIFE	250893
1834	Dragonlfw	249839
1835	Moyd_	249580
1836	ItsDed	248691
1837	WhosJPG	248677
1838	_p1ta_	247435
1839	ssniffles	247132
1840	IDealess_At_This	246895
1841	YourPersonalChef	246735
1842	trashmammals	245988
1843	Poppycop	245403
1844	Irko	244831
1845	D3m0nik	244776
1846	gloryoftherain	244118
1847	mick407	243881
1848	BinChickenBrine	243870
1849	Rocketlaunchers	243690
1850	SailiXX	242497
1851	Kukkelikuk	242386
1852	Trioxide	242184
1853	DrBalloon	241841
1854	KaziMc_	241415
1855	IKeepDying	241124
1856	Hyperphoenix42	240709
1857	Luke_SJ	240630
1858	LeberkasWeckerl	240389
1859	pr33tu	240296
1860	mipTheQueen	239644
1861	MamaMarinara	239605
1862	reaperface123	239418
1863	FemboyFwuit	239185
1864	Barjas	239132
1865	jewishnoselong	238517
1866	aangwie	238319
1867	domon41c_2	238225
1868	Silenttieg	238197
1869	FalconOW	237438
1870	Juk3b0x	237412
1871	SkullxKandyz	236717
1872	SquidZooka2	236315
1873	Ithaca19	236308
1874	NoraTheYandere	234663
1875	Ir0npack	234598
1876	K2IROS	233920
1877	Ryn777	233655
1878	skote77	233572
1879	TahkoLive	231784
1880	HazenBlazin	231558
1881	2r_	231208
1882	SkirmishMUDKIP	231178
1883	buttsandcats	230121
1884	AJ_Dubz	229438
1885	xExpresso	228777
1886	EtherealSilveon	228672
1887	ceAndyX	228589
1888	calajimi	228186
1889	LeifEricsonLegit	227554
1890	_Hayt	227192
1891	toastfetchd	226977
1892	SullivanNephew	226808
1893	_Destina_	226752
1894	DBoydart303	226585
1895	BlighterSupreme	225915
1896	freya__b	225657
1897	LunarRedPanda	224604
1898	Andzic	224516
1899	Shychelsoo	223620
1900	Jagyeol	222665
1901	NotSoJamie	221899
1902	Corran_Dahgus	221673
1903	xofe	221083
1904	_yfd	220855
1905	AikoShayz	220742
1906	mexicancharlie	220645
1907	DangusCnt	220097
1908	toos1esl1de	219988
1909	0xharshv	219831
1910	Dogbound	219166
1911	WildTamara	218796
1912	pi_E_	218297
1913	zeki123	217577
1914	MiningPie	217426
1915	Natofthese	217078
1916	JimmyTISC	216919
1917	pablopickle	216823
1918	Schokoreo	216575
1919	JureJurko	216033
1920	Sakura_Jade	216009
1921	tyraxxx	215848
1922	MADDMASTA	215183
1923	szczeepaan	214554
1924	Eclipsed_Wolf_	214285
1925	sigmabich	214249
1926	Kowciuu	214226
1927	melono_o	214196
1928	moonman169	213847
1929	Mekae	213740
1930	inushibaa	213081
1931	VittoValenttino	212902
1932	OkguyDan	212822
1933	TheMiddayMoon	212579
1934	JMK208	211815
1935	Runic_Owl	211535
1936	ptweezy	211162
1937	N00bula	211038
1938	BleachMyEyes	210813
1939	Ladder_Jockey	210400
1940	diminub	210133
1941	Zen_Rain	210086
1942	Nucket	210018
1943	Afrosleeper	209828
1944	ArshKetchup04	209801
1945	Trever101	209454
1946	Sna_Ke	209395
1947	Cavesmith	209186
1948	Misato_0	208365
1949	Kennyissleepy	206988
1950	snizv1	206795
1951	chadifex	206246
1952	Rexorout	205680
1953	Ma_name_alex	205559
1954	ThePurpleFire	205491
1955	dacooksta	205315
1956	Octatrack	205043
1957	thebest_daniela	204898
1958	UniverseBrewer	204175
1959	richerbat	203870
1960	Blackerstons	203653
1961	Boogaloo242	203167
1962	jake314810	202760
1963	claireliner	202274
1964	Nat1000	202265
1965	00000000-0000-0000-0009-01fe357de725	201814
1966	Master_Kol	201802
1967	TerraVl	201440
1968	DiamondShaff	201267
1969	hagridfedpik	201035
1970	KiRemon77	200885
1971	Nab3rius	200545
1972	moderncraft	200443
1973	WORLD_URIEL_EDEN	200304
1974	aubergined	199514
1975	00000000-0000-0000-0009-01f1577a2913	199438
1976	Ximid	199377
1977	Scags	199116
1978	lobgn	198931
1979	mads388a	198593
1980	IncoherentTaylor	197976
1981	Overseer_Boots	197084
1982	TheBlackDeth	197012
1983	Yaniv2007	196983
1984	GigaSl	196950
1985	91stCataclysm	196909
1986	Blenderyoda	196583
1987	AverageGorg	196522
1988	Swiffin	195569
1989	JakobDylanC	195351
1990	JonnyBeesh	195290
1991	knzil	195118
1992	Azorathum	195060
1993	Havazelet	194859
1994	No_Bena	194574
1995	olmul	194472
1996	k1ngGilgamesh	194413
1997	Eon_57	194189
1998	ArdaAslan02	194173
1999	Suraidu	193931
2000	popcanter	193894
2001	reiwai	193850
2002	LoganDigs	192758
2003	BRICS	192735
2004	NotHimMC	192391
2005	Shaggytastic	192038
2006	OrionFromBeyond	191720
2007	Goat_Man512	191322
2008	LoFPS	191268
2009	AirWalker33	190444
2010	SamTheDwagon	190342
2011	BioKing99	190340
2012	owlcrush	190065
2013	EvenMina	189111
2014	Bl1tzFX	188843
2015	Renewability	188281
2016	pizzarel_	188070
2017	GreedKillsUsAll	187911
2018	CTH_98	187028
2019	Crynrus	186976
2020	fkndweeb	186683
2021	NatePlayzSmth	186656
2022	LAVA129	186522
2023	milkedit	186262
2024	blockgamer_69	185975
2025	TriflingToad	185777
2026	Hameous	185046
2027	Phoenix_Diacou	185040
2028	MariamHatesYou	185029
2029	BenzoicAcid762	184704
2030	will2690	184471
2031	GreedyFern8581	184334
2032	curterr	184177
2033	TuesdayEpisode	183513
2034	Tesseracted1	182939
2035	Ggino0	182629
2036	beephyra	182343
2037	boolingod	182206
2038	OutcryOfEnkidu	182104
2039	MedSeaArch	181809
2040	Mercadies	181799
2041	Scattman_	181354
2042	StarPlanetMoon	180656
2043	MethylRadical	180553
2044	isak_oskar	179457
2045	Panoe	179421
2046	baboonlord400	179081
2047	iElijahi	178790
2048	Ganjier	178590
2049	FearMyPetBeaver	177806
2050	Bad_At_Names_Guy	177799
2051	Not_Insom	177438
2052	Devintronix	177333
2053	gog_9000	176842
2054	zyshnneei	176747
2055	MrMonster61	176589
2056	MadBroMad	176435
2057	MLG_Kirby69	175952
2058	2a1169f5-2eaf-4ab7-adff-73315e7d9ddf	175934
2059	LiquidFenrir	175380
2060	Mouse74	175278
2061	Lillyyy_x	174857
2062	willowcherrytree	174695
2063	Cyber_Stealth05	174321
2064	MrAxolotl20	174111
2065	YellowpowR	173733
2066	karudsbip	173693
2067	kaziroki	173650
2068	m8why	173645
2069	SonicRainBow_	173618
2070	RealBuddy	173559
2071	Living_Storms	173472
2072	_Shadow66_	173111
2073	Coolblubird	172704
2074	Northernrabbit	172415
2075	Bak3dPotater	172350
2076	Bonzwoeri	172340
2077	cum_chalice	172197
2078	Defaitiste	171794
2079	Momomia1997	171768
2080	marguang	171282
2081	CUDI_SAVES	171215
2082	l_ducky_l	170955
2083	Hysna	170878
2084	Raxmalor	170580
2085	_buffgirls	170498
2086	WingedTortoise	170319
2087	seba070c	169822
2088	Leonidas2k17	169075
2089	ZipdipXXX	169070
2090	Ramndo	169031
2091	thedhub	169017
2092	jessemgaming	168986
2093	hzs91	168722
2094	Eerini	168608
2095	Seiko39	168066
2096	Arcticwyn	167707
2097	arrentto	167607
2097	Cylni	167607
2099	Flucxks	167502
2100	00000000-0000-0000-0009-01f80c5e9346	167397
2101	PhoenixAlpha	166897
2102	Kuragari_	166864
2103	smol_slugcat	166665
2104	59a59bf5-3603-4415-b66f-3096d4958b34	166630
2105	Egom_musk	166263
2106	Chihuahua_Fan	166155
2107	Tombo2004	166088
2108	Phroni	166003
2109	Michaelelelelele	165507
2110	MinePowerz	165400
2111	VillagerHuh	165392
2112	ergoalias	165353
2113	DocZelenka	164954
2114	Will_Bee	164878
2115	Big_Bad_Will	164668
2116	Arlosaurus	163888
2117	marul1002	163691
2117	jinklenuttz	163691
2119	Dipjol	163404
2120	KeyOfLead	163204
2121	Torza	163057
2122	KingMinsky	162924
2123	ChefRido	162888
2124	SUSUGAM	162468
2125	nopekk	162111
2126	salvinia	161945
2127	BruhBag	161479
2128	BenPenguin	161456
2129	dragonwarrior206	161438
2130	MeanTugger	160948
2131	SpigulGyro	160814
2132	sejekasper1	160567
2133	StormPool	160172
2134	killerzant	159960
2135	GothicJamm	159924
2136	UnContemporary	159056
2137	Ooosa	159024
2138	Photosynthesis_s	158978
2139	MussTZ	158592
2140	Goat_Curdle	158250
2141	skelecorebot	157951
2142	NomRay	157763
2143	Captain_Hardtak	157498
2144	DominusBeryl	157058
2145	LuceImaginary	157013
2146	Devouching	156823
2147	HazyDrummer	156641
2148	Glowhetic	156578
2149	jojo1515151	156517
2150	Useless_Relic	156239
2151	TwinkBreeder	156185
2152	therobo300	155381
2153	LEJKINS	155352
2154	Nightfigh1	155247
2155	_bruhhhhh	155130
2156	JackyKwacky	154625
2157	Keith_Stark	154413
2158	moaka8	154263
2159	nugget_ingesta	153936
2160	CynicalRuntime	153722
2161	Kars_Requiem	153237
2162	Sorins	153227
2163	plato2066	152892
2164	Celestikka	152628
2165	Wanjibon	152397
2166	Auranymph	152300
2167	WearBlackAllDay	152276
2168	DefiantDragon	152206
2169	EatUrPancreas	152187
2170	goalie9	152118
2171	SirMeowsMucho	151983
2172	fastPREDATOR	151545
2173	NattyLux	151526
2174	_Ophiuchus_	151294
2175	MoonSonata1	151217
2176	Herobrine	151121
2177	robocrypto	150853
2178	Ekkie_Catdeer	150666
2179	NoobyandApple	150211
2180	Betaz	150020
2181	BasilConstantine	149914
2182	_beep_boop	149044
2183	Loooooc	148623
2184	secondstepsis	148561
2185	CityPotato	148357
2186	Stevica_DMD	148292
2187	randomcanarian	148093
2188	LordLukas04	147733
2189	linxthesontaran	147476
2190	Misterkill700	147434
2191	CedeMC	147173
2192	Qorbyn	147144
2193	OtherAnimus	147031
2194	Hoshi	146962
2195	Sero277	146960
2196	TERRORTHREAD	146866
2197	irregularshed	146728
2198	prelutrinae	146646
2199	shiiaopao	146559
2200	aidanwest	146407
2201	BubbaKush_420	145820
2202	Austine6698	145047
2203	Slovitypagus	144775
2204	WigglyMustard	144724
2205	lilguppy	144636
2206	NoxXIV	144570
2207	pinkigram	144563
2208	SuperSurer	144065
2209	MangoTango82	143785
2210	magmaniacmc	143342
2211	RCLucky	143207
2212	m4amagz	143083
2213	Promsiel	143008
2214	Bismarck_KMS	142771
2215	Fergusoncurly	142244
2216	KasterNM	141617
2217	Bawbman	141583
2218	ofek_bahaloul	141027
2219	Leaille	140732
2220	Sandiotchi	140402
2221	dimitri0s	140329
2222	JustMaleen	140176
2223	ninjacat027	140131
2224	rii1efnaki	140003
2225	knoodrake	139960
2226	Zavac_	139470
2227	kimm_e621	139377
2228	grillie3	139284
2229	TheBaconKing44	139222
2230	arbitraryAxiom	138610
2231	GigiDuru	138492
2232	Ripleey	138363
2233	TheEnusa	138212
2234	NameIsSeven	138163
2235	shockdocta	137966
2236	Faart	137715
2237	Ebsen05	137711
2238	eddiehobbit	137665
2239	faqpilot	137502
2240	SilentKarma	137470
2241	Ananas55	137463
2242	Jahbouris	137243
2243	Tilt_Wilty	137097
2244	Liminalls	137031
2245	JoCoLi	136917
2246	planc_	136593
2247	Cteam	136445
2248	Cormelia	136284
2249	moertymoertan	136001
2250	sapphyllia	135771
2251	Awesomely_SYD	135531
2252	Conrad139	135419
2253	PlasmaElk	135318
2254	00000000-0000-0000-0009-01f073f37a91	134926
2255	bothan13	134577
2256	MrButterscotch	134447
2257	strifeforlyfe	134390
2258	hauspool	134164
2259	Crows_Dome	133883
2260	Kalka	133882
2261	___xX__Xx___	133706
2262	Lizzy_Long_Locks	133532
2263	jerrypeter472	133182
2264	TheJetNinja	132659
2265	Fi11e	132359
2266	lil_sandmire	132162
2267	stopfive	131226
2268	Claudia_Grace	131105
2269	jochem2134	131080
2270	CantinaTaco	130979
2271	bulitproof	130562
2272	WinterStars	130433
2273	SprinklerMan	130429
2274	marsnixbee	130369
2275	rpyoungg	130263
2276	Mitchasnipe	130011
2277	pokemonfreak45	129515
2278	omariacts	129508
2279	K6V9	129466
2280	WolfRRN	129448
2281	Red_Royale	129274
2282	capn__crunch	129172
2283	Asteri05	128902
2284	AmitE1	128529
2285	moist_jellyfish	128190
2286	cryptonym	128177
2287	Nope______	127909
2288	gareth4989	127707
2289	stephunade	127662
2290	DittoProbably	127577
2291	dj1121	127503
2292	luvcheesecake	127389
2293	LoganDSA	127329
2294	hayybails	127281
2295	JesterJay_	127120
2296	00000000-0000-0000-0009-01fec705f83f	127113
2297	Jah_Den	127000
2298	maaacaroni	126737
2299	wrgates99	126622
2300	ReadyTwoRekt	126563
2301	hoverfishing	126447
2302	kurulen	126379
2303	Lowjinx	126157
2304	isopodcake	125918
2305	pera_perkan	125761
2306	ETILEROP	125627
2307	RasseThePanda	125612
2308	p4pillio	125502
2309	OrangeJuiceBox	125499
2310	PlanetarSun	125402
2311	Oldham	125013
2312	Lori_Jenkinss	124931
2313	DataHawk2	124787
2314	duelcard	124576
2315	Eeppari	124505
2316	g0rr1lla	124379
2317	bugrq_	123914
2318	_Poochie_	123783
2319	Vladotz	123588
2320	dvlle	123458
2321	bra1nbrain	123376
2322	natalii_i	123321
2323	MrAdamant209	123137
2324	H_Biscuit	123089
2325	RareDankMemeFrog	122952
2326	IamLettuce13	122556
2327	Keeogwi	122365
2328	fuyyuu_oke	122213
2329	mvrty	122107
2330	cwin95	122007
2331	Gary120	121891
2332	Azazel_Echo	121795
2333	Tenns	121713
2334	DoinksInAmish420	121667
2335	girlfangs	121493
2336	PapaPesto	121453
2337	ellygaytor	121442
2338	00000000-0000-0000-0009-01f9cc38678e	121401
2339	Kochnuudel	121315
2340	virtual_acid	121280
2341	DragonGaming_5	121266
2342	ksi	121135
2343	Albertalo	121127
2344	Moham	120911
2345	dagudagu4	120784
2346	musique99	120624
2347	SirSpace	120578
2348	Toowny	120517
2349	00000000-0000-0000-0009-01f2db66a7ea	120255
2350	MastaZink	119569
2351	FlagsAreBad	118803
2352	Groyperbuscus	118802
2353	AnArtisticDud	118616
2354	_R_y__a_n_	118469
2355	1ochi	118335
2356	_Banjo_1	118279
2357	morningelegance	118276
2358	On35h0t1k1ll778	118273
2359	Sangre88	118024
2360	Mocha_Mug	117962
2361	crashos	117947
2362	noful	117744
2363	SevenMELIODAS	117117
2364	abig4il	116927
2365	DrichAldrich	116779
2366	Zehrforce1	116761
2367	extralargenose	116616
2368	Pyrrhocoricin	116505
2369	FrostySlimez	116447
2370	FunkyMoneyx	116437
2371	meavemeave	116431
2372	mikiagent025	116324
2373	be3ry__	116279
2374	DabKeepaBlicky	116063
2375	Zombie_Striker	116021
2376	00000000-0000-0000-0009-01f532a65833	115933
2377	Syskill	115831
2378	Ernnous	115789
2379	sideofbbq	115564
2380	LILI_G_F_2007	115441
2381	ProjectKernel	115417
2382	Prayingninja	115167
2383	ItsJonnyBravo	115156
2384	Simplicity9	115102
2385	WatchMojoTop10	115089
2386	AxRizzo	114685
2387	C0by3llis	114664
2388	Vivacia	114582
2389	5hit455	114453
2390	Vector1209	114445
2391	lwyl	114295
2392	Chazama	114238
2393	Xenon5492	114130
2394	AlejandroPH1	114067
2395	sharckyes	113858
2396	Cidah	113781
2397	timelyenigma	113773
2398	Mpkkiller	113673
2399	Slaymie	113665
2400	TinyTheMelon	113539
2401	Meteora4	113454
2402	_sycamoree	113205
2403	DShrewzy	113051
2404	PvmkinPi3	112851
2405	Papersock	112844
2406	Cassu665	112796
2407	TonyS7ark	112727
2408	sheebeep	112552
2409	Hannah_Banana_69	112437
2410	Yuniqe_	112425
2411	limeloaf	112066
2412	tsunsora	111639
2413	Benjaber	111588
2414	Zackran	111296
2415	Etnavn373	110901
2416	hide_on_mac	110656
2417	JuckFuan	110568
2418	51L	110348
2419	Mjolnir145	110079
2420	VirusUploaded	109923
2421	pongo2003	109674
2422	TheDeathPepper	109569
2423	iHuBlack	109415
2424	RaiaMala_	109274
2425	MelonMints	109195
2426	YuenKei	109161
2427	kidel03	108965
2428	LagMass	108712
2429	ykgelatina	108650
2430	mehen_hokker	108643
2431	Mel_Beemin	108362
2432	deenobeeno	108227
2433	NasdaqCrash	107991
2434	Dirt_Bread	107978
2435	Lumiel7	107816
2436	TheSoggyToaster	107714
2437	IronyMan69	107598
2438	ormr_kin	107582
2439	maddog2014	107495
2440	Dakota100	107270
2441	Stephenpoling	107210
2442	Yazzny	107045
2443	victricemque	107037
2444	Caddiii	106919
2445	HotCocoJoe	106840
2446	steven8283	106805
2447	elijahmaroney	106629
2448	DubDoesGams	106555
2449	Universz	106465
2450	Killswitch_RW	106154
2451	Neps1	106028
2452	PlatonicSteve	105967
2453	Ragnar2105	105516
2454	TheDutyPaid	105301
2455	wojtas3422	105110
2456	beetlebum300	105059
2457	msdestr0	104931
2458	Cliopatra	104666
2459	encraft05	104547
2460	WAS1008	104538
2461	wylify	104261
2462	L3G4LSN1P3R	104166
2463	acatter	104123
2464	Zeradox	103955
2465	Howertt	103823
2466	hbaoo	103753
2467	sparkles_dudly	103502
2468	issazumi	103195
2469	daybreakus	103162
2470	NxtPxnzer	103141
2471	gnyW	102875
2472	FastLane1	102499
2473	HypixelForums	102247
2474	0R_6	102176
2475	FlackoJonah	102126
2476	chaelamae	102119
2477	Smuggly_McWeed	101855
2478	Ognaam	101795
2479	Mr_Teddiursa_K	101689
2480	__jzr__	101684
2481	Tobias0113	100899
2482	imthatpikachu	100850
2483	DELIANCat	100736
2484	dune__	100647
2485	hxgaser	100597
2486	NoobSlayerPro	100336
2487	Bqcs	99924
2488	KaptainKornhole	99712
2489	NickNonya	99697
2490	ScoutXIII	99639
2490	NukePigg	99639
2492	IamGrey_Lol	99619
2493	tazdeviltron	99531
2494	00000000-0000-0000-0009-01f7d5721bcd	99455
2495	_nahoy	99264
2496	Pliskin08	99158
2497	MoogMush	99140
2498	ThatStupidSheep	98987
2499	ThePaladin1	98976
2500	m9_meltdown_	98757
2501	n2ckn2ck	98366
2502	babycamm	98236
2503	Billeison	97626
2504	hakai_gr	97625
2505	icehorse	97574
2506	OkamiITA	97523
2507	Seashimi	97508
2508	mackintosh_x	97268
2509	annaellieee	97206
2510	SwiftyPlayz__	97011
2511	splatterhawk	96995
2512	Paranoidlemon	96920
2513	c00ter	96847
2514	krypnot	96732
2515	moolerbooler2	96702
2516	Justins_Juliet	96540
2517	aust000	96422
2518	WizardCosmo	96390
2519	5712	96342
2520	natasha_blush	96283
2521	Fappologist	96228
2522	CloudyPowdy	96017
2523	CraftingWithXav	95931
2524	ARCTICxLORD	95841
2525	blevster	95442
2526	sankrs	95190
2527	Cruciatur	94954
2528	xWeber	94815
2529	Chair1242	94783
2530	Breb74	94725
2531	Hosmosis	94364
2532	Killtroxx	94359
2533	_Gabae	94214
2534	Slavisaa	94197
2535	samtrid	94116
2536	ItsRyanM8	94107
2537	carbo_bro	94105
2538	No__Bao	93830
2539	libbytingz	93707
2540	eMpTysVoid	93697
2541	StabbyRoomba	93683
2542	yakovliam	93643
2543	iluvleandoer	93610
2544	NotYoungTech	93596
2545	_schi	93215
2546	Stay2Blackjesus	93157
2547	supernecessary	92792
2548	MysticalKitty139	92699
2549	Pistol_Hydra	92623
2550	itsKODASHi	92622
2551	TimePilot	92613
2552	okzetton	92601
2553	Rando1024	92562
2554	jandrs	92545
2555	CHUUUBZZ_99	92488
2556	Nankuro	92360
2557	cxtch	92303
2558	dukebop	92280
2559	BusinesManFrecks	92186
2560	Destroyer112221	92036
2561	NibPicker	91878
2562	camando92	91821
2563	genesis2501	91638
2564	Chicken_D0g	91478
2565	TrustStein	91377
2566	ExploreMyBow	91369
2567	SlavBylat	91318
2568	Endorcer	91006
2569	TheBeardForest	90989
2570	Typkazprahe	90856
2571	Romeom175	90848
2572	Zorin_Blitz	90785
2573	lilpowerranger	90730
2574	StreetLouis	90605
2575	Kamiento	90581
2576	MugguMoo	90201
2577	Lotvailer	90183
2577	Redkid22	90183
2579	Deadlyy	90158
2580	CyL0_	90141
2581	Idobetoasty	90102
2582	zemey	89955
2583	WytchKraft	89889
2584	WraitheDX	89633
2585	Taco_Cat898	89628
2586	Bowba123	89577
2587	The_Dob27	89440
2588	ALoafOfBreadn	89432
2589	Ahketen	89272
2590	jovaon	89206
2591	PygmyAfrican	89130
2592	Cerbric	88961
2593	BreezyGoat	88850
2594	BurdLyon	88730
2595	Kawaii_Haxor_L	88702
2596	Voltique69	88271
2596	J03K	88271
2598	popsych	88224
2599	gizmo98	88144
2600	Digger__Joe	87916
2601	emzero	87798
2602	DietSoda1	87777
2603	halcyonrift	87692
2604	Spore84	87621
2605	BabyDaddy1	87417
2606	_DKC	87406
2607	Nickitoe	87402
2608	gonzzts	87329
2609	Wasdmaster3	87314
2610	pixelings_	86837
2611	GiantPoop100	86808
2612	jjekyll	86800
2613	Exarah	86726
2614	mix9ine_maz	86578
2615	TheEmeraldFalcon	86435
2616	00000000-0000-0000-0009-01fd83791eb5	86183
2617	morose_moose	86084
2618	HwamzUK	85571
2619	A_Potatoe	85533
2620	SirDodgyBob	85438
2621	KolyOnline	85332
2622	Themelys	85185
2623	LHQing	85178
2624	how_are_you	85143
2625	skeppys_balls	85096
2626	byFlixxx	84965
2627	Umbre_19	84912
2628	Charleszetoast	84681
2629	IsoldeB	84483
2630	cosq	84233
2631	See_dub	84185
2632	PoogersLejit	83988
2633	RedVelvetMochi	83986
2634	Monosakii	83923
2635	tt4yy4	83885
2636	Crumbls	83839
2637	CaptainMocha	83752
2638	rosswellcrash	83690
2639	VamosAHomeDepot	83473
2640	GodspeedYouBE_	83446
2641	DaftDecker	83323
2642	astralsylv	83268
2643	BINKENSTOCK	83249
2644	PA_Tech_Gaming	83190
2645	RaahLowe	83108
2646	aFrogThatExists	83050
2647	kerryfull1	82968
2648	LinuxRoot	82664
2649	Alfman007	82487
2650	ManUtdBoy_	82237
2651	lia1337owo	82142
2652	Vollkommenheit	81991
2653	Marahuyo00	81947
2654	MrWataby	81814
2655	cletemo	81810
2656	Zipstor	81629
2657	Vadanite	81586
2658	Leftsy	80949
2659	Luna_Rosie	80893
2660	ALegendsTale	80843
2661	Fire_beast	80811
2662	Thrasaere	80792
2663	ABitOddish	80737
2664	GirlFrick3r	80684
2665	F_22_	80681
2666	zany0	80606
2667	Petjok	80557
2668	yftransslut	80454
2669	SecretSH	80310
2670	noodlesforbrains	80154
2671	MemeBoi_XD	80050
2672	DackBools	80032
2673	alexb1890	79892
2674	Hashises	79861
2675	_ThunderFrost	79847
2676	MineCryptian	79744
2677	Biskopp	79734
2678	Kirrow	79571
2679	Yeeeeehaww	79530
2680	Appleten	79497
2681	Natalesbian	79309
2682	pplums	79175
2683	_Raiko	79083
2684	Rocket103	79082
2685	Pazantine	79024
2686	noahlemonman	78989
2687	VesperSage	78862
2688	twinkel_star24	78787
2689	Baron_Belial	78610
2690	beespooky	78449
2691	SolomonMax	78189
2692	Xaphoid	78070
2693	Enslaving	77939
2694	Filborg	77800
2695	l3x07	77723
2696	LargeCarl	77702
2697	CompoundMedic	77679
2698	erickor2d2	77678
2699	Brewer20	77587
2700	Civop_	77586
2701	pillos	77532
2702	Txeptsyip	77511
2703	Robbie2000	77448
2704	00000000-0000-0000-0009-01f7278d9bd4	77437
2705	BlackShadow_1007	77368
2706	WoofWare	77342
2707	lahavmor	77104
2708	falcn15	77074
2709	elementorix	76913
2710	Mnkybnan	76887
2711	ItsFeniks	76811
2712	bbrothers4	76748
2713	00000000-0000-0000-0009-01f358e1a055	76667
2714	Lapbottom	76540
2715	_RenRen_	76465
2716	Vegan323	76148
2717	EnderKill98	76030
2718	r7retro	75964
2719	RohnekK	75886
2720	planetclue	75828
2721	foxyrouxYT	75816
2722	JosephCW	75807
2723	gen6bagel	75780
2724	moonshinemaster	75694
2725	rosanotroza	75558
2726	Konstruktix	75524
2727	EliteTrashPanda_	75316
2727	GrildChezSanwich	75316
2729	Kar0lex	75260
2730	Rotary_76	75230
2731	SullyhS	75183
2732	LordKelsier_	75176
2733	Nadflah	75143
2734	Raidor	75127
2735	Lauratheking	74953
2736	Claw262	74800
2737	CubeMuse	74737
2738	m0seng	74716
2739	UZI_DOORMAN_Z	74631
2740	_lnstz_	74588
2741	Diamondpanda4	74487
2742	LoboTheLobster	74440
2743	MarigoldPop	74248
2744	Crimsongale	74220
2745	Tool_Ren	74125
2746	a24680	74119
2747	chrisegv	74042
2748	Retroke	73958
2749	campbellenio08	73957
2750	Susscra	73806
2751	MellowCookie	73698
2752	QueenHedwig9	73603
2753	DaringDexter	73555
2754	LargeBeef	73523
2755	Wilzax	73440
2756	V2Loon	73430
2757	Milaudis	73367
2758	IronVines	73334
2759	RevoRealist	73291
2760	bbaobei	72961
2761	00000000-0000-0000-0009-01ffc2d8cf2a	72915
2762	Blueishberry	72863
2763	peecies	72795
2764	rxbpz	72721
2765	Kafkathebat	72688
2766	awsertygaedrfshg	72656
2767	Acreativeuser	72628
2768	ggrayson_	72605
2769	MisterKanister	72591
2770	bAk5tAb	72572
2771	PineappleZ215	72492
2772	Ramirez_	72303
2773	MonkeySaint	72255
2774	dragon589	72139
2775	danotz	72047
2776	MrPenderweed	71860
2777	MartyManPro	71823
2778	Wolfwarrior2526	71766
2779	Redd_Lionn	71738
2780	Item_Store	71712
2781	XoTHotovich	71677
2782	ThatOneGuy4546	71613
2783	honkshonkie	71561
2784	ouija_	71424
2785	PBandChocolate	71363
2786	crayonnn_	71321
2787	Ginger_Dread_Mon	71297
2788	Aurenz	71197
2789	GradedCookie	71178
2790	Rook_iii	71083
2791	Lisppp	71080
2792	wTXop	70946
2793	pennyswan	70849
2794	razorarctic	70683
2795	sarcopterygian	70526
2796	StrangerTokyo72	70274
2797	ManlyAdjective	70266
2798	StupidBiscuits	70211
2799	banana_ketchup	70116
2800	h0tM4nl0v3r	70111
2801	6e519903-6217-4a88-968d-485bf79491f4	70047
2802	Martin_198	69985
2803	quindariousG	69932
2804	K3NY0	69860
2805	Vownette	69810
2806	Gelberkodo	69726
2807	Gabzi	69656
2808	RyuTurtle	69625
2809	nonotaddie	69607
2810	KanyeBiggestFan	69581
2811	vadar12	69536
2812	mysticdrew	69490
2813	00000000-0000-0000-0009-01f53dff86f7	69471
2814	Lentapple3922	69438
2815	WisePapaJohn	69243
2816	jologsimp	69028
2817	kubagod03	68950
2818	Benjii05	68923
2819	JoshCranlet	68892
2820	ThreeAmMan	68887
2821	Jettu	68855
2822	DementedTOAD	68760
2823	Caidoz999	68728
2824	niinii	68600
2825	Wyatt143	68598
2826	Marrue	68590
2827	eposlul	68585
2828	Sea_Boar	68549
2829	AgentDeception	68504
2830	musaad_	68329
2831	norcomk	68195
2832	Casserole2	68050
2833	aRandom_	68043
2834	aidez	67972
2835	0basura0	67889
2836	mobaEnjoyer	67870
2837	BoopDoop_123	67830
2838	bagel980	67806
2839	SharperReaper	67780
2840	Axel_Foley	67679
2841	Unshaped_Boar	67551
2842	HCAbeaver	67468
2843	Akmalol	67366
2844	MatsTheGoat	67295
2845	Tandy117	67231
2846	Bane_of_Solace	67224
2847	00000000-0000-0000-0009-01f36f79dcc7	67215
2848	JayShroomie	67141
2849	mekambe1g	67000
2850	Hiimdeath	66923
2851	PrpleFunkyMonkey	66744
2852	SCYT312	66723
2853	Blue9390	66694
2854	1092384	66653
2855	sick_nubs	66636
2856	idyllical	66578
2857	Magnamedicinal	66568
2858	MasterOwen1	66501
2859	insanepace	66477
2860	Phase	66255
2861	opogo_	66241
2862	KatieBelle04	66205
2863	SerenityKitten1	66203
2864	SPKB1	66202
2865	tokvo	66159
2866	airbkane	66107
2867	Mweems	66040
2868	imNP	65923
2869	Phantom7569	65834
2870	badooga	65768
2871	chank_	65758
2872	AssaultZone	65714
2873	Judaxx	65680
2874	MattiePattie33	65619
2875	Carszy	65350
2876	Aeons666	65288
2877	00000000-0000-0000-0009-01f0f6556b4b	65262
2878	sanastidy	65016
2879	Ilaea	64938
2880	Boliipop	64931
2881	Onikukip	64809
2882	NexusAI	64792
2883	n0nz	64769
2884	00000000-0000-0000-0009-01f431fe6dbe	64765
2885	FlashingDemon	64704
2886	pvpGODfrfr	64695
2887	VintagePlays	64581
2888	Whitecker	64568
2889	DaddyDeepPockets	64492
2890	kosh112	64477
2891	anidiotinatree	64423
2892	LordDiabolos	64399
2893	Capss	64374
2894	_LeeLee	64318
2895	iWillEatUrPizza	64161
2896	CruWester	64133
2897	Gnarpian	64115
2898	TsuboSama	64087
2899	blackdusk6	64001
2900	Unusederas	63974
2901	00000000-0000-0000-0009-01fd30af3efb	63973
2902	Hex_proto	63969
2903	Ishy_	63920
2904	8092_	63871
2905	Danielmoe	63848
2906	angeles1234	63769
2907	Bongo_Drums_	63667
2908	dream_mist	63635
2909	oldmankev	63618
2910	Beezel	63575
2911	BulliedPotato	63539
2912	Timeover05	63493
2913	CJPerson	63458
2914	meilivHD	63402
2915	Saul_Goodman_Rup	63369
2916	LordlessAbyss	63253
2917	MoonixMonody	62994
2918	Exiko	62958
2919	Skwizzy_69	62938
2920	NuttQuik	62784
2921	ArcHAng3L88	62641
2922	FedirSpectator	62629
2923	jordanchohat	62603
2924	__Max_mAx_maX__	62601
2925	knock369	62355
2926	Nabih	62317
2927	ChazzaHodge13	62231
2928	Theo34	62082
2929	redbull52	62071
2930	xGraveMistakesx	62061
2931	Arrowborne	62060
2932	iamNaee	62009
2933	BigMaoguai	61987
2934	OfficialVatican	61940
2935	Naturalrogue	61925
2936	MmervedDK	61885
2937	Bellamin	61819
2938	type11	61763
2939	decay_elf	61744
2940	CaptVoltaire	61623
2941	Proxy_Man	61471
2942	radimju	61355
2943	Nunui	61281
2944	FrostyLynx	61220
2945	naser_0_0_	61214
2946	Ozztopus	61200
2947	Y3ntai	61184
2948	1_jR	61139
2949	Zepsi_Zola_	61063
2950	Glazed_Croissant	60980
2951	quibslington	60868
2952	mrminer11403	60858
2953	Foltest1	60836
2954	Kalwag	60826
2955	Yuvl	60778
2956	LemonScentedAss	60772
2957	Lyserggic	60755
2958	Stealthember	60745
2959	TheRedFox_Gaming	60649
2960	240T	60622
2961	HoboSimpson	60489
2962	Joshua_Crazy	60476
2962	KayleeGrace58	60476
2964	frodort	60469
2965	AAArcade101	60377
2966	Paradoxion	60267
2967	cdn_	60056
2968	alexoliq	60053
2969	Zoniak1	59961
2970	gallifrey0	59952
2971	Stright_	59843
2972	cokcandbals	59773
2973	SmorpADorp	59752
2974	deavol	59315
2975	DRGUNNUT	59217
2976	Harobrime	59209
2977	Nosretep	59097
2977	AbelT4	59097
2979	vanabell06	59048
2980	Sebastiannlol	58945
2981	Doctor0ctopus	58918
2982	MrSSoaper	58831
2983	StormeClouds	58747
2984	guccipucci_	58743
2985	trobr	58734
2986	00000000-0000-0000-0009-01f1d34742f1	58685
2987	nevywop	58622
2988	Im_SMX	58594
2989	JaytheGeek	58353
2990	SSneakyB	58348
2991	Caerith	58344
2992	Clemscalibur	58333
2993	sebbergb	58328
2994	yb0e	58325
2995	ztsy	58272
2996	ohmayagoodness	58157
2997	La_Conne	58150
2998	Wenceslavs	58130
2999	zayzayfeb	58069
3000	Symchro	58059
3001	Tenoto	57998
3002	TheMiningCrooner	57901
3003	Pelku	57860
3004	Biomatrix93	57840
3005	King_Wars125	57834
3006	iamarick	57698
3007	D0RMMAMU	57678
3008	Green_Glacier10	57494
3009	Yungandspicy	57395
3010	Tkraack	57375
3011	00000000-0000-0000-0009-01faf4afe1be	57265
3012	MelaninStealer	57101
3013	Kayotx	57024
3014	Arhamethus	56991
3015	Skrutinize	56983
3016	Colinfro	56950
3017	jfirebender2	56836
3018	IEatBooty	56802
3019	LE95	56695
3020	Poppi_Q	56617
3021	Pruittmckean	56600
3022	00000000-0000-0000-0009-01f6557d802a	56326
3023	xRookiie	56320
3024	IslandManager	56228
3025	dogvis	56168
3026	Kitchen_Meow	56141
3027	zack454	56026
3028	Van_Eck_Phreak	55986
3029	sucywaffle	55960
3030	Kowcinka	55959
3031	saltypear500	55951
3032	Tibbby	55947
3033	SeananK	55912
3034	Feeba	55900
3035	Rahikeru	55820
3036	AnonymousUserr	55819
3037	jamesq133	55802
3038	Kek	55730
3039	Skylorabell	55714
3040	parapluu	55575
3041	ZoeyBrookesPCA2k	55554
3042	eccs	55504
3043	Mandroch	55481
3044	catiefsm	55402
3045	Rustynails	55361
3046	jbow022	55271
3047	Fatimus_	55227
3048	MC_swagalicious	55214
3049	Anhedonist	55150
3050	burpboypower	55143
3051	toetagnyc	55057
3052	MikeTheMan4423	55045
3053	gemmiiv	55030
3054	moceimo	54815
3055	Ronce_Mormel	54796
3056	SweetOverlord	54792
3057	KyleGamingBoss10	54778
3058	Noxium_	54763
3059	MitexFTW	54745
3060	Notanacident	54621
3061	Pundehoo	54613
3062	AndyMated	54578
3063	HiveSkins	54570
3064	TarynBubs	54566
3065	ZeDasCabra	54431
3066	greatimes	54326
3067	DeezPeanuts28	54325
3068	Smukers	54266
3069	FlameFame	54247
3070	lil_haay	54211
3071	VonDaBon	54178
3072	Rainistry	54147
3073	adarkwindblows	54088
3074	brandonjames_h	53830
3075	kr__hunt	53807
3076	cellmilk	53741
3077	Whalezz	53651
3078	00000000-0000-0000-0009-01f645d0edb4	53640
3079	dino_533	53631
3080	Remy0806	53628
3081	egg_innit	53595
3082	Floraice	53582
3083	AceOfCaydes	53557
3084	420joe	53498
3085	Just_Roby	53346
3086	Apetarox	53299
3087	JTheReider	53176
3088	Ninjamaster4427	53131
3089	ecstrareal	53075
3090	Alottaporn	53025
3091	Uzbeki_John	53020
3092	Zyfrae	53003
3093	Michpo	52950
3094	Zorgalorg	52884
3095	Spitfire8792	52809
3096	olek_kosa2009pvp	52799
3097	marguerit3	52759
3098	Rectron2007	52706
3099	AssassinAshton	52646
3100	StormAries__	52605
3101	CurvedCubes	52546
3102	kevinpamberg	52530
3103	OwenBrew	52528
3104	complex1tive	52364
3105	joppen12	52350
3106	b2c3393a-1b78-4a33-9677-c6cb41f2c6ee	52325
3107	Taddaiv	52321
3108	Kartoong	52253
3109	xDzarkious	52170
3110	Ridh	52089
3111	frizzbees	52050
3112	frankosgf	52046
3113	ChumpyCat	52039
3114	Troyharder	52025
3115	x287	52016
3116	Marly_Sorcha	51958
3117	TastefulBas	51927
3118	kekokele	51871
3119	xX_HaroldHolt_Xx	51828
3120	NP_Cactus	51816
3121	thebluehippo	51785
3122	aws_sauce	51775
3123	DoctorMagnus	51645
3124	Zan	51633
3125	SillyMelon	51556
3126	fqdeintoyou	51546
3127	harutoisdaddyy	51521
3128	Polahbear	51509
3129	lumikupoli	51481
3130	teserox	51455
3131	_metsys	51271
3132	MikeIsSalty	51267
3133	zunap	51172
3134	ArborTigress	51139
3135	LionelHutzESQ	51105
3136	Boots_	51060
3137	00000000-0000-0000-0009-01f898304150	51041
3138	Macho_Tacos	50980
3139	Vincent________	50881
3140	Rararararararara	50872
3141	Yaspresents	50808
3142	finbob5	50765
3143	BercikV	50718
3144	AlexBurnsRed	50697
3145	Dynamax	50685
3146	ofekgo	50600
3147	toelong	50517
3148	daisnny	50516
3149	Strawbapple	50505
3150	bubbee29	50459
3151	Benrouge	50451
3152	hoticelandman	50387
3153	mshs94	50315
3154	Vindogster	50309
3155	quintendoty	50283
3156	mcFarty	50248
3157	scottkidz	50233
3158	realSkullFace	50179
3159	studiousV2	50169
3160	zlataovce	50079
3161	BirdLaws	49815
3162	PumpkinPie1600	49803
3163	mofojojo	49610
3164	Yaffs_OG	49553
3165	moolerbooler	49503
3166	dreamerasot	49459
3167	JoeYourBro_	49450
3168	Xeracle	49403
3169	Unjike	49384
3170	DJTrout	49365
3171	Defaultname88	49357
3172	Ridd13	49287
3173	honeybuggie	49162
3174	PosPsycher	49138
3175	in2thenextportal	49074
3176	ehmaysi	49041
3177	xze1	49003
3178	Kovku	48945
3179	NikoTheM3ssiah	48743
3180	JustTellTheTruth	48719
3181	klee_exe	48642
3182	Monbun	48583
3183	Fuzai	48451
3184	igorpontes	48446
3185	Its_Risk	48434
3186	Cranium856	48408
3187	Santinoaldo	48390
3188	chorglatte	48379
3189	kreakiwi	48376
3190	XiaoZhang_TW	48239
3191	WWWWMWWWWWWWWWWW	48193
3192	Puddingnator__	48161
3193	Crafter45	48126
3194	TheNobleOstrich	48120
3195	Shintiki	48068
3196	marvLoLs	48057
3197	AlessTheGamer_69	47981
3198	lolofied	47873
3199	Gu_Yue_Fang_Yuan	47825
3200	Alesminah	47789
3201	DoorlessDoor433	47766
3202	Haylies	47721
3203	livzzzy	47718
3204	DukeBoy1646	47659
3205	Psycho_boy123	47533
3206	CARGOESVROOM_7	47524
3207	Dirble	47445
3208	awsomedude5	47368
3208	Mercurius_III	47368
3210	expanses	47367
3211	robinkiller2002	47239
3212	rebichuu	47229
3213	tweety_sweety	47227
3214	ItzClutch_	47225
3215	abshent	47222
3216	00000000-0000-0000-0009-01f192fbace5	47190
3217	longhead77	47161
3218	Jakeyb99	47080
3219	FunkyMonkey447	47068
3220	0jona0	47067
3221	00000000-0000-0000-0009-00000d3bf41d	47060
3222	chacaules1	47005
3223	Superdupernico	46964
3224	Grodsaar	46839
3225	SnowedBear	46838
3226	dpill1	46789
3227	AzBzCzDz	46781
3228	sleep444	46704
3229	Luisking2005	46695
3230	amymlb	46680
3231	phatst3r	46609
3232	Halsam_six	46585
3233	Kaziglubey	46553
3234	critNoxx	46549
3235	ninjakidRS21	46426
3236	SomeDumbFish	46399
3237	ImagineRamen	46351
3238	Andy__Dufresne	46347
3239	Tino666	46333
3240	Inkax	46255
3241	GUBBENZ	46210
3242	yoyonovice63	46100
3243	Cr1mzqn	46092
3244	Dragonfest	46074
3245	F0mpel	46056
3246	starBURST312	46010
3247	__GingerSnap	45996
3248	dragonstalker21	45979
3249	LedgyTime	45959
3250	JWiseheart	45958
3251	RiceUniverse	45949
3252	The_Poro_King	45895
3253	Pravout	45893
3254	timodoh	45832
3255	Sorenon	45823
3256	Out_Gamed	45694
3257	StrdyFiber	45658
3258	awildwilson	45565
3259	Mat07	45513
3260	00000000-0000-0000-0009-01fd1edc022d	45507
3261	numachi	45462
3262	00000000-0000-0000-0009-01f6e3e572d8	45339
3263	Bigmac7151998	45312
3264	S1eepwave	45087
3265	Stealthlens	45010
3266	Horno	44996
3267	SamHammie	44913
3268	Doorknob0101	44904
3269	Emily_Rosa	44880
3270	PFFR	44877
3271	BrownBrix	44867
3272	hume_man	44828
3273	impervious	44741
3274	free_final	44651
3275	Green__Terrorist	44615
3276	TeezleFeezle	44553
3277	IsACutie	44552
3278	Emphius1	44550
3279	Seamus002	44530
3280	DarkWombat	44507
3281	CompAir	44476
3282	00000000-0000-0000-0009-01fed7db2814	44433
3283	vVip3rzzz	44324
3284	d0sag3	44257
3285	2_young_2_die	44226
3286	oxygen_c99	44207
3287	homeofmew	44109
3288	Galrus	44077
3289	Haficzeq6984	43888
3290	LDSMadman	43856
3291	Liardove_21	43847
3292	AzaleaTFG	43721
3293	Sandov	43651
3294	Kittaze	43563
3295	MarcusHA05	43540
3296	asian_man_soggy	43446
3297	f93907e2-64a5-49ac-937f-3ca4c64d164a	43393
3298	gentleman_loser	43390
3299	emantbe	43384
3300	noyan121	43358
3301	jxmjam	43333
3302	Vahagrim	43332
3303	AoiMiyabi	43298
3304	devinreal	43256
3305	skulltastic101	43249
3306	Jazziuwu	43180
3307	ez_grind	43164
3308	Nutellabrot17	43150
3309	AkiDev	42978
3310	beata_beatrix	42962
3311	pigybog	42908
3312	AncientShards	42900
3313	minecwaftshaft	42885
3314	Newaj24	42881
3315	HBanana143818	42874
3316	Sneaky_56	42822
3317	danio888	42816
3318	HappySkidder	42776
3319	Wwamess	42744
3320	googmeister	42716
3321	Mr_Anders	42670
3322	EredMithrin	42660
3323	Zopir	42647
3324	roworu	42585
3325	Luuk2909	42555
3326	McFineas	42545
3327	ItzMr_Kristian	42498
3328	nebulardust	42485
3329	AgentMeatCandy	42434
3330	00000000-0000-0000-0009-01f0dca7f2d0	42387
3331	odinozaur10	42340
3332	swag_swag_swag_s	42258
3333	BeanTown45	42224
3334	Xannon232	42214
3335	CatGel	42211
3336	castis	42153
3337	Doriok0817	42027
3338	thedatsun13	42024
3339	AdmiralMoszi	41919
3340	RoytheBoye	41884
3341	kartoffel2016	41858
3342	celest_i_al	41783
3343	MinceMother	41760
3344	Afghanistan4Life	41757
3345	Snart_Sniffler	41706
3346	Alakazam6898	41657
3347	fullyrawfuzz	41577
3348	BenHomie	41569
3349	ripeideal	41417
3350	NHJE	41399
3351	luckymage	41357
3352	Aengus	41323
3353	Danire207	41305
3354	RevTheNinth	41273
3355	Zrayy	41245
3356	ragdaddie	41188
3357	supermamax	41098
3358	Volttower	41079
3359	YaThiccB01	41033
3360	SMELLY_NAPPY	40923
3361	fazeninja3	40918
3362	AdiCatGaming	40898
3363	S4tox	40869
3364	HDfqade	40798
3365	slurm1	40758
3366	ImScootronic	40626
3367	SwankMule	40457
3368	PatrikLegenda	40451
3369	ThunderGump_	40407
3370	Neemuuri	40349
3371	_osakirii	40283
3372	PixelVillager	40271
3373	Chad_Isopod	40225
3374	Gorilladam	40221
3375	Deragon126	40138
3376	_Laverne_	40101
3377	Pizza187978	40020
3378	Kaidendigital	39915
3379	iwantabanana	39890
3380	MrOtterPotter	39865
3381	Queenpin	39859
3382	brevcane	39787
3383	Rush_Tea	39736
3384	GarthWiest	39729
3385	EpicOstrich	39727
3386	StarKillerzero_	39579
3387	zachkdi	39539
3388	0ost	39487
3389	Ace78szn	39440
3390	orlana	39283
3391	TheWaterWraith	39267
3392	AbrociousXP	39234
3393	QuaggaJacks	39181
3394	Haseniel	39081
3395	Ghosthy_	39050
3396	makw	39047
3397	Ephnor	39045
3397	Kongfus	39045
3399	An_Turtle	38928
3400	BigPure	38904
3401	BloxyReality	38903
3402	ReverbSGG	38849
3403	MrZeroSkill	38742
3404	switch1e	38731
3405	The0rangeDragon	38719
3406	00000000-0000-0000-0009-000000798ad6	38668
3407	salemrip	38570
3408	ritzvik	38541
3409	jananlin	38512
3410	that_guy_galeo	38459
3411	Cheesebal1	38379
3412	elmer1234	38372
3413	Confluct	38301
3414	liaaan	38091
3415	apnos	38022
3416	Isaac70096	38021
3417	Verkkovirhe	37943
3418	jakobjepp	37934
3419	TheWolfWhoGrins	37900
3420	imNich	37838
3421	Tjodalv	37826
3422	yoonjisoo	37767
3423	vedaant	37736
3424	typeschitt	37587
3424	Kazekage	37587
3426	Mizuuwa	37526
3427	LuckyLy09	37508
3428	Aidenmeltdown	37460
3429	Steedyweedy	37409
3430	HumanBeing112	37407
3431	xHarbinger	37397
3432	JCdaLeg3nd	37303
3433	Frach23	37288
3434	questbox	37270
3435	KILLERBEAST1707	37235
3436	ddogdan13	37203
3437	peanutbader	37202
3438	ItzSquidz	37149
3439	Kaijann	37132
3440	RowanYourBoat111	37121
3440	nebulish	37121
3442	TUNDR0	36963
3443	igrowupfast	36863
3444	spideywalt	36811
3445	maoz_ven	36806
3446	Goldiethebear03	36760
3447	emremalexander	36700
3448	MadsNT	36688
3449	Phage1020	36677
3450	HyperPaw5457	36666
3451	kirametal	36665
3452	Megabatman	36652
3453	tlal002	36632
3453	kayyiscool	36632
3455	borrre1	36622
3456	Space_Sushi	36537
3457	arcanemagic	36533
3458	TentoBento	36244
3459	UncleBarba	36241
3460	King_Rata	36232
3461	ChiefThrock	36225
3462	aramis158	36216
3463	caustic7	36170
3464	_DarkBlitz0_	36111
3465	Xx_Example_xX	36102
3466	_____burt_____	36060
3467	cvew	35968
3468	Grimme	35940
3469	nikkerdoodles	35905
3470	M310NZ	35831
3471	Krome48	35829
3472	D4qz	35810
3473	iamwash	35774
3474	Sheepwarder	35755
3475	LePhotographes	35667
3476	BIGTREPEX	35643
3477	SteelCutOats	35609
3478	PrettyWings	35560
3479	DylanH328	35553
3480	Nole56	35530
3481	BlCEP	35510
3482	Blazaey	35458
3483	Dominik_Tirpitz	35441
3484	maxim1000	35404
3485	JajaKings	35319
3486	Bairhug	35278
3487	luckykill123	35254
3488	BasedChicken_	35207
3489	chielui	35176
3490	Tetzel55	35090
3491	KayDizzle99	35057
3492	Joodi	35025
3493	hxdjxd	35007
3493	Sayid951	35007
3493	00000000-0000-0000-0009-00000cfcfaa8	35007
3496	NinetyNick	34772
3497	TeamBreezy	34693
3498	LegitArtemis	34686
3499	fallQy	34654
3500	EeveeUwUz	34636
3501	uDank	34551
3502	Newthe	34528
3503	javaminecraft22	34488
3504	AlecCary	34417
3505	wateo	34379
3506	T_R4Y	34377
3507	Torwynd	34293
3508	lazioglug	34199
3509	kitkatmandu	34188
3510	MrCucumberMan	34181
3511	120s	34148
3512	FILIP1e	34071
3513	hotdogdude23	34068
3514	CherryDrCoke	34039
3515	deadlord0	33973
3516	Danielbe	33898
3517	deletesaccount	33880
3518	counterzzzz	33810
3519	Ryanix	33792
3520	H0ust0nTex	33787
3521	stupiz	33726
3522	wgml	33725
3523	OLookItsAnxiety	33707
3524	godse	33687
3525	CaptainHackman	33674
3526	sannio	33538
3527	ARMY_OF_TOAST	33398
3528	neon_vivec	33366
3529	Stevielukas05	33351
3530	Dusty_Duc894	33307
3531	R0cketmanstan	33295
3532	DimeBaggins	33275
3533	Carelessjets	33246
3534	THEGAMERBRO5	33196
3535	Minoruok	33187
3536	M1sterManGuy	33184
3537	BruhM0mnt	33176
3538	ShesASquid	33136
3539	GoodWeed	33089
3540	Mariofreak9	33030
3541	SeaCatSnake_	33010
3542	Unigurd	32937
3543	TheAnonymousHobo	32932
3544	_coley	32919
3545	Xerxgo	32847
3546	Ahvihiir	32831
3547	martvnka	32812
3548	Arkew_	32774
3549	RaxXEe	32538
3549	kijmuit	32538
3551	XNL	32518
3552	BeeMunch	32507
3553	WeePhix	32499
3554	simo4000wolt	32470
3555	dualwieldingSora	32445
3556	Icuka	32442
3557	MangoPineapplez	32436
3558	Egenho	32410
3559	Future_Slaps	32402
3560	keksandra	32387
3561	outwrld	32342
3562	jojodoodle	32332
3563	Mad_Magic	32326
3564	ThursdayKings	32282
3565	Mohawkfalco	32220
3566	stijnbro	32214
3567	CthulhusBodypilo	32174
3568	Ablefog	32155
3569	longbowx29	31984
3570	Qalech	31967
3571	SillyDillyXoxo	31958
3572	JapansDragon	31893
3573	BigFatHunk	31816
3574	_Sir_Leon_	31772
3575	anthonyracine	31763
3576	Auto_Quasarian	31679
3577	noobo_	31593
3578	vyrodok	31577
3579	LittleOoccoo	31563
3580	Hautzii	31538
3581	E_Lovelace	31425
3582	SadRedstone	31347
3583	RoadPear	31333
3584	Logan_the_hermit	31267
3585	Tenns_	31197
3586	EvieTanuki	31083
3587	_TonyGunk_	31026
3588	Setoply	31007
3589	Nymphiauwu	30904
3590	Apexaman	30877
3591	_Thurid_	30863
3592	justingo147	30862
3593	nice_try_sir	30844
3594	McZahrt	30836
3595	BossDaily	30800
3596	CheisterMeister	30728
3597	Ruehnaar	30716
3598	Wolfdude_zed	30687
3599	Mawhrin_Skel	30665
3600	Mikacracker	30649
3601	jirayatoad12	30635
3602	frankvosss	30619
3603	Aoiraa	30609
3604	FBKong	30594
3605	XRAYDELTATANGO	30545
3606	spypig23	30530
3607	Ibrahim00	30528
3608	seanpden	30459
3609	Aftrbrnr	30431
3610	Vaarde	30402
3611	iSlimSonic	30393
3612	Astrofizzy	30378
3613	The0penTree	30295
3614	TTPumpkin	30289
3615	aymonkey	30258
3616	poserofficial	30233
3617	IrateGamer	30226
3618	__Chaos__	30211
3619	BreezyBlu	30119
3620	SilentFatGuy	30076
3621	PyroArq	30015
3622	douwevh	29990
3623	lusc4__	29916
3624	MobiMachine	29900
3625	00000000-0000-0000-0009-01f24d0de48d	29873
3626	Flaukzyy	29869
3627	MonkeyTheGoat	29851
3628	LexiAngslig	29795
3629	sonichugoddess	29785
3630	trabantem	29763
3631	A_Large_Rock	29740
3632	wernol	29719
3633	adhdgay	29710
3634	LynLynn	29709
3635	Kavest	29554
3636	JohnnySuperNinja	29547
3637	beetsbydwight13	29526
3638	ColourfulAfrican	29487
3639	SPARCO228	29445
3640	pascalbex	29429
3641	TaMereEstAvecMoi	29411
3642	Mr_Don_Costello	29401
3643	deadshot16	29355
3644	PapaDukke	29329
3645	YxEmanxY	29286
3646	fneurohr	29185
3647	_46kuma	29175
3648	TheAlmightyMoist	29130
3649	DemonstrationMan	29058
3650	Osibus	29017
3651	_Snaq	28985
3652	MilkFootball	28962
3653	Plooper_Parrot	28942
3654	ButterBuns_	28938
3655	hayesey11	28929
3656	TheWeeknd14	28901
3657	iTheRaiden	28873
3658	Demiurging	28846
3659	Hugi_79	28781
3660	xXxSebastianLxXx	28769
3661	Deathkloud	28757
3662	Trus7	28752
3663	Ryan2685	28726
3664	Itayyyyyyyyyyyyy	28591
3665	Jo_Jo_Bear	28582
3666	littlevaquero	28564
3667	Nohbu	28531
3668	NedFlanders	28387
3669	KingJamBanana1	28337
3670	charlie_3k	28307
3671	TijsVer	28218
3672	Forest_Fire	28151
3673	varvania	28137
3674	RiverGee	28107
3675	jpengg	28104
3676	Aavo	28051
3677	Flamd	28028
3678	ASavageBadger	27996
3679	Schwarz323	27935
3680	PizzaPenguin	27932
3681	cerdeira	27892
3682	Seskar	27856
3683	GingerbreadStan	27840
3684	GuitarXpress	27830
3685	DigiBlox	27782
3686	Mintperson	27776
3687	LovelyDragons	27714
3688	Euclid	27710
3689	MRC_Gaming	27671
3690	WaterisWauder	27649
3691	NerfWarrior784	27639
3692	foomann2	27554
3693	Feir_	27352
3694	BinhsssCoco	27342
3695	jonathanwilson18	27246
3696	Kryszmatic	27240
3697	YodaBula	27239
3698	Counter_Switch	27200
3699	FadedChimp	27108
3700	cheersnoah	27054
3701	lissi_nirvana	27046
3702	wyxzel	27021
3703	Putturtle	26967
3704	LordJester1027	26952
3705	plowablemoney	26896
3706	CloudierImp	26880
3707	xiujuice	26850
3708	I_NaNo_L	26838
3709	OrphRedHair	26832
3710	EggThePro	26789
3711	jj_bolton	26778
3712	iWorkAtWalMartt	26584
3713	1C6	26531
3714	ringmasterzeke	26497
3715	Benjieman	26483
3716	aj3512	26460
3717	NikoTheGreater	26424
3718	Mythicah	26368
3719	Jester_King06	26357
3720	AbnormallyAllen	26321
3721	toontownie	26289
3722	TheSansMan	26254
3723	Chazinat0r	26233
3724	DigDoug30	26230
3725	ThickASF	26201
3726	KingAinzOoalGown	26175
3727	jonajona43	26168
3728	Fluffy_dark	26097
3729	ItsGreenFire	26066
3730	actour	26042
3731	DrogV2	26040
3732	XBilbo_SwagginsX	26038
3733	StamWolf	26022
3734	Z22n	25999
3735	sollyumber	25969
3736	tacobellbeans	25954
3737	koo_kaburra	25928
3738	DDigitalDog	25888
3739	Drugskoerier	25804
3740	pannikn	25781
3741	Dalcose	25767
3742	sumwun19	25753
3743	gotes	25718
3744	DeuceTempestus	25715
3745	OBVzest	25624
3746	itsempeagain	25573
3747	99tax	25572
3748	TangenteFaser	25549
3749	Uthgaar	25547
3750	Graxxi	25533
3751	Riiverz	25531
3752	Goleam	25527
3753	StormCurse	25496
3754	JSiscool123	25471
3755	Ilyaskand	25439
3756	Tyranar	25349
3757	CannedBeans007	25221
3758	Baldwin_Gifford	25166
3759	UmbralDawn	25163
3760	model35	25155
3761	shneed	25125
3762	Tap2304	25103
3763	nitropilot	25098
3764	M0nkeyD3	25092
3765	goem_	25001
3766	Ascella_Plays	24986
3767	Zepheron	24978
3768	Focat	24958
3769	yuushx	24950
3770	tikitikitik4	24943
3771	lies_ah	24932
3772	ChrisChan	24914
3773	Homies_R_Us	24903
3774	GreatDungeoneer	24841
3775	Nuellx	24785
3776	caasicrafts	24732
3777	btravislee	24695
3778	A1tao	24664
3779	kinaboldi	24654
3780	clamt	24609
3781	Skoll05	24600
3782	SteveCor	24575
3783	potato_101	24574
3784	insp3ctre	24555
3785	Aoeuvrox	24539
3786	AokigaharaG59	24538
3787	XxSiebzxX	24531
3788	RandimSqid	24502
3789	hurnter	24497
3790	artistic_value_3	24476
3791	xX69FastbackXx	24417
3792	kensingtonhope	24369
3793	Dudecorn	24335
3794	Spearrr	24305
3795	Gonca_52	24299
3796	brianwaynemay	24236
3797	sleeth	24190
3798	00000000-0000-0000-0009-01ffb083c258	24168
3799	Vort3x33	24112
3800	CaymusKid	24080
3801	Sheyaaa	24074
3802	MimicTheMimie	24060
3803	Anakin_Xu	24005
3804	Dajweed	23967
3805	ellefuji	23965
3806	Jwat125	23939
3807	8hai	23916
3808	NOOGINGTON	23910
3809	superfred2010	23907
3810	Patati	23836
3811	JuvenileAli	23834
3812	KazmaninSapi	23805
3813	readystrawberry	23797
3814	Hano_Clown	23796
3815	do_the_disco	23769
3816	caltosy	23734
3817	arielovaa	23725
3818	TheShawnZen	23646
3819	Snostow	23619
3820	Krunticus	23618
3820	Mythcore	23618
3822	HairballHacker10	23602
3823	00000000-0000-0000-0009-01f7139a6fba	23599
3824	Tincanius	23568
3825	00000000-0000-0000-0009-01fdadc43862	23558
3826	SataranGrimlore	23538
3827	LAVA124	23494
3828	BigBoyMatto	23487
3829	giuseppe281011	23481
3830	papagheede	23473
3831	kuma070	23469
3832	Jokadius	23462
3833	LucasP2k	23451
3834	malcolmking00	23444
3835	migan95	23441
3836	_j_u_n_o_	23403
3837	mysnowydog	23375
3838	HeatMasterT	23372
3839	UnsteileNuss	23346
3840	purpl3hazze	23320
3841	Cjay925	23316
3841	GlassesFreek	23316
3843	uprexcool	23308
3844	__Spektra__	23303
3845	Goosir	23281
3846	GOMEZALICIOUS	23266
3847	lumpump	23255
3848	Riick_Astley	23245
3848	Sn0w0ps	23245
3850	qTutu	23244
3851	mythicalglaze36	23237
3852	00000000-0000-0000-0009-01faecbeb522	23138
3853	Cheez1	23120
3854	sporblord	23107
3855	YodaZulu	23063
3856	Surgingfire	23030
3857	Sunflowerann70	23024
3858	Nonectwi	23015
3859	SpaceCor3_	22991
3860	mr_van_dam	22990
3861	ChanceQuimp	22978
3862	Blitzwingbanter	22910
3863	pooyas123	22909
3864	ClicksOnLinks	22885
3865	Jackste85	22877
3866	Shinobi33534	22855
3867	Shuntro	22802
3868	sonre2	22792
3869	unknown256	22772
3870	jojsen	22755
3871	ricekrispies69	22740
3872	HoppersFromSCE	22628
3873	_Luna16	22595
3874	ManOShway	22572
3875	Stew_Gimpington	22518
3876	schmeebus_peebus	22517
3877	DantePersson	22509
3878	Clown_Shuay12	22495
3879	djDigBic	22467
3880	CandleEater	22446
3881	Fillapulated	22419
3882	RuthlessRobot	22412
3883	Mattancholic	22410
3884	FlopsyMC	22397
3885	GreenHornet1969	22353
3886	CouncilCody	22341
3887	Titani_cus	22309
3888	Yoshiikoo	22305
3889	Cloudspit	22287
3890	KayaLambrechts	22281
3891	WhatchaEaton	22253
3892	matan_bahaloul	22242
3893	LJBlue	22225
3894	CryForHelpPT	22202
3895	Manny16	22179
3896	soter_V2_	22140
3896	Zenoia	22140
3898	Ba330	22128
3899	Chovz	22097
3900	hedgehog100	22096
3901	WavyGravy_	22080
3902	ShayneShow	21980
3903	biiirr	21956
3904	Ferrousy	21946
3905	oonoskelis	21943
3906	j_bt	21939
3907	General_Pengu	21835
3908	Apples5009	21807
3909	Catchcody	21806
3910	Artificial_Fox	21802
3911	Nilomas	21795
3912	patrykf03	21759
3912	00000000-0000-0000-0009-01f935b0bed8	21759
3914	YeaBro	21735
3915	observingmonkey	21719
3916	Reocee	21708
3917	Clxpzy	21687
3918	Blobcat29	21676
3919	Kronyus	21661
3920	AutoAutoAuto	21655
3921	Dotf1337	21625
3922	jinho_yoo	21609
3923	sphiros	21599
3924	liquidcheezcake	21596
3925	PandasPVP	21592
3926	ryanalberts	21569
3927	Redons	21545
3928	Ail_NoNoNo	21544
3929	GamingStyle325	21538
3930	OfficialFlare_6_	21519
3931	Sporkikus	21515
3932	Drlegoman	21496
3933	boba12345	21418
3934	Flokiiiiiii	21337
3935	buster2Xk	21245
3936	iNotSpeak	21199
3937	rock956	21194
3938	JonahTheMans	21168
3939	BFLTP	21160
3939	Plathou	21160
3941	LadyShart	21149
3942	_Pingvinenok_	21092
3943	v_nce	21053
3944	asune	21048
3945	squiword	21037
3946	BB_Butcher	21028
3947	CrumplyBanjo_	21004
3948	CookieBoss__	20990
3949	MinKreftPleyer	20965
3950	heyburrito	20934
3951	Bjendo	20872
3952	Linkerton	20856
3953	Peggl3	20840
3954	brainbrainbrain	20821
3955	Kossac	20813
3956	TonyAngel04	20803
3957	00000000-0000-0000-0009-01fa54272964	20795
3958	jalapenodinosaur	20794
3959	RED_DOG_	20759
3960	stillstealth	20743
3961	Izmarvelous	20687
3962	Ben_van_Berkum	20678
3963	Guno327	20671
3964	miscsss	20648
3965	Termi_Qc	20647
3966	Reathr	20642
3967	Ruldes	20558
3968	Pandadille02	20549
3969	kravisni	20522
3970	warpcore	20521
3971	War_Lizard	20479
3972	jaxfarted	20472
3973	KungFuManny	20453
3974	bmay15	20404
3975	KingNightHawk	20402
3976	Yaanniis	20334
3977	IMicha_	20306
3978	Hennessy_XO	20294
3979	Yaates	20276
3980	FinnaHoodie	20269
3981	StardRGamer	20265
3982	rshertza	20244
3983	Kjell_E	20233
3984	wxmx567	20213
3985	boredishbear	20180
3986	zkum	20157
3987	_BossBear_	20135
3988	nipohc015	20123
3989	saniyasoup	20120
3990	00000000-0000-0000-0009-01f3efa964ec	20115
3991	Uwu_Escape	20100
3992	LFMOMMYGF	20091
3993	piano10	20071
3994	yojoshio	20067
3995	Matte__	20063
3996	Mashymoomoo	20061
3997	LegateLegatus	20058
3998	Saint_Neptune	20004
3999	Dariander	19988
4000	niamhie4	19956
4001	Gregory_Hause	19928
4002	ThePoonGayer	19904
4003	kflubs	19901
4004	Bunta__	19895
4005	t_dooks	19877
4006	SayLaVee	19851
4007	ehuguey	19837
4008	BomberBoi69	19829
4009	Enoughh	19803
4010	Beltschazar	19780
4011	Nice_Choose	19778
4012	FortniteWins	19761
4013	_Tannu_Tuva_	19758
4014	SHiSA14	19753
4015	MH41811	19663
4016	rezi	19660
4017	zxcv643	19649
4018	Anonmoosekaab	19641
4019	tidd	19627
4020	READEREID	19625
4021	xiazaku	19572
4022	pmxi	19553
4023	4thChairmanKiryu	19551
4024	_Izzy_Owl_	19550
4025	Kyrosey	19544
4026	QueenQuini	19540
4027	sp00k1e_	19539
4028	Wolverden	19496
4029	jambo1234567	19495
4030	lilao5	19492
4031	wemer072	19478
4032	TheLilAni	19474
4033	IncredibleExpert	19465
4034	xDragonx2000	19462
4035	hunman20	19436
4036	Supreme_Ricardo	19296
4037	Missmoony12	19274
4038	MaleehahN	19252
4039	pastishas	19237
4040	JadianRadiator	19216
4041	00000000-0000-0000-0009-01f1d6ef86b6	19196
4042	GalaxyPanda707	19189
4043	gonnagecha	19185
4044	DTAI_	19147
4045	Jrar_	19120
4046	Jared6969	19119
4047	Boris_Korotkiy	19099
4048	TheRedM8	19072
4049	Androydz	19006
4050	addigray	18998
4051	Strbei	18947
4052	alucarrdd	18929
4053	ramy_m	18907
4054	TrenLux	18906
4055	lmfj	18904
4056	rhae005	18892
4057	Foxeus_	18876
4058	FatPriest	18873
4059	markirven	18857
4060	Phytologue	18788
4061	whitewolfy101	18786
4062	TruGuire	18771
4063	IamtheHighwayman	18756
4063	cvpe	18756
4065	GRIIFFFIIITTTHHH	18744
4066	luckyhitter	18735
4067	Zyrixh	18730
4067	Megs0000	18730
4069	babecake	18728
4070	Rayleen	18695
4071	Adamf568	18688
4072	Quesierro	18643
4073	SaltiestJustice	18640
4074	Rimuru_818	18617
4075	AnTu_YT	18586
4076	GleechTastic	18536
4077	L0lbis	18531
4078	DeCko91	18517
4079	Zorander	18505
4080	_G4el_	18472
4081	benbadgerskin	18463
4082	BapeGlowz	18452
4083	BD01	18437
4084	Nnuma	18429
4085	FyMurakami	18387
4086	Climbingdino	18350
4087	yeetbois69	18334
4088	PanKarl	18326
4089	Balthie	18318
4090	Dethwalker51	18314
4091	stereotypical_	18300
4092	guitar_hero_101	18296
4093	thgotze	18234
4094	LordKilimanjaro	18217
4094	50gs_of_cutters	18217
4096	concealed_J	18170
4097	noah_rubin	18126
4097	Oriquam	18126
4099	FireSurge	18052
4100	Frankb	18040
4101	Lain_13	18006
4102	SailorV1	18003
4103	Huga_Muga	17972
4104	Yourtriggered	17956
4105	Moctezuma0	17946
4106	TheCoolad	17907
4107	pledge	17879
4108	SuperLemonPerson	17873
4109	5aces1211	17869
4110	iElijah	17855
4111	Jaboyyy	17843
4112	eltaccos	17824
4113	TLoZ_Tipover	17787
4114	DirectorPr	17779
4115	koky717	17767
4116	camerade	17724
4117	headown	17709
4118	Micrologist	17708
4119	MJCABOOSE69	17651
4120	grannyfishyflaps	17629
4121	_JrTurtle_	17623
4122	EOA2000	17616
4123	shadowmanu8	17614
4124	benchi3	17610
4125	JesterJosh42	17603
4126	Pistachio3	17591
4127	gangloot	17555
4128	StrawberryTacos	17526
4129	SaintBurgher	17479
4130	IROMAKKEM	17477
4131	Konigliche	17443
4132	Homokappa	17433
4133	ChosenBruh	17374
4134	Keddie	17341
4135	Saltboi231	17340
4136	Appl3x1	17334
4137	PurpleSQ	17312
4138	Chubb85	17256
4139	00000000-0000-0000-0009-01f5e815899a	17247
4140	_Nova_Z	17222
4141	odinmester	17191
4142	kensli	17182
4143	Aiko_Kawashima	17165
4144	ISimpForIceSpice	17148
4145	BossGGz	17142
4146	JKendig	17140
4147	Hylitee	17129
4148	Phlp	17093
4149	faulkyou_	17081
4150	claremackie	17076
4151	TheBoldonButcher	17052
4152	mawnstrosity	16997
4153	TheAmazingArek	16996
4154	iccd	16935
4155	Dilshooter	16897
4155	Mlakshake	16897
4157	Chehov	16862
4158	r3xy1	16842
4159	Aspagisum	16824
4160	starman19291	16818
4161	strawoodclaw	16817
4162	PawPatrol_SVU	16696
4163	Maldoozz420	16688
4164	ItMeDestiny	16658
4165	Yeltzin	16649
4166	Spacy_Butsch123	16640
4167	liljohnjawnjon	16628
4168	Bi1bo	16618
4169	fonker	16519
4170	BudLight_	16518
4171	Loky_0819	16503
4172	APickledGoat	16495
4173	Erysiana	16473
4174	CaptainCab	16463
4175	00000000-0000-0000-0009-01fd50f32581	16446
4176	Dr_Vibes	16417
4177	jxkwkxihkeabc_1	16404
4178	Panda_Mole	16375
4179	4G00DN4M3	16366
4180	FetusGobbler	16345
4181	AlisterDeadlin	16344
4182	Stylessz	16322
4183	rayjz1	16304
4184	waffleflops	16302
4185	vabina	16292
4186	etrain66	16291
4187	dirtslug	16276
4188	Vynser	16273
4189	Trippy_Dreams13	16213
4190	currry	16198
4191	Quark5075	16172
4192	DJAsiWolf	16170
4193	bale1sme	16168
4194	LukeSepiol	16136
4195	LTurtle	16133
4196	doggysam15	16121
4197	__quasi__	16114
4198	Styris	16112
4199	ENONITRiX	16105
4200	FICHOMC	16102
4201	_ryna_	16089
4202	Grimmaul	16059
4203	Atenboss	16051
4204	sissyfhus	16035
4205	Wobbly_	16024
4206	Senseitaco	15995
4207	didaw3	15955
4208	Shadowleaf	15922
4209	hrtkos	15918
4210	LiL_Dorfbewohner	15908
4211	Droonie	15892
4212	ViperHawk21	15874
4213	Epicguyuk	15854
4214	Bipolar	15810
4215	wrathre	15766
4216	Ostrich5183	15763
4217	chamomiled	15745
4218	Nisanth	15740
4219	Fonkyemonmeyh	15715
4220	d4van	15694
4221	JerichoTemplar	15680
4222	00000000-0000-0000-0009-01f80d00545d	15674
4223	Polucien	15610
4224	BufferAlt9	15606
4225	dumchurcher	15594
4226	Specklespells	15590
4227	XLFanna	15585
4228	CeeBeeKay	15570
4229	Artesin	15554
4230	DuckTrip	15500
4231	13lolo	15461
4232	DrEggIrl	15442
4233	JakeInTheBushes	15435
4234	BubbaJorge	15432
4235	bloco100	15428
4236	NutJerky954	15426
4237	keyyho	15423
4238	00000000-0000-0000-0009-01f6226cf766	15354
4239	ParadoxProYT	15345
4240	District1_Bot	15331
4241	Lightfulwolf	15313
4242	ChiefKeef125	15253
4243	Lumminosity	15218
4244	WildJubeJube	15200
4245	SmiteBear	15172
4246	suqarysour	15144
4247	ThePastelBagel	15123
4248	jillian12345	15075
4249	josh1mi	15066
4250	Jeremopolis	15025
4251	WolfthePiggy	15023
4252	erick817	15012
4253	natronne	14999
4254	Evident_Dev	14998
4255	BlastoiseBabe	14994
4256	Sara	14982
4257	tp_west	14953
4258	ormkel	14937
4259	Jase573	14888
4259	LaCorr	14888
4261	fIexr	14825
4262	MichaelClayton42	14785
4263	NASGaming	14770
4264	TheJumpingCactus	14767
4265	pawpl	14750
4266	ReaperOnTop20	14732
4267	Kwiwii	14730
4268	Jimbboo	14717
4269	ReaperRK	14710
4270	carsonpuff	14704
4271	144hzKK	14693
4272	ashleybtw	14687
4273	Spoo0k	14662
4274	SuperHit	14650
4275	Transdermal	14631
4276	Akelith	14607
4277	tiphunny	14606
4278	sipl2	14595
4279	BlueMoonWolf_	14574
4280	Roberto451	14562
4281	DrDootyBooty	14556
4282	Stablinez	14531
4283	Scynder	14503
4284	Mkristo	14502
4285	firstdanjosh	14501
4286	WorthLemming780	14481
4287	nino_ebks	14475
4288	jakeawesome565	14437
4289	CodyJames4306	14424
4290	TinyDesertFox1	14395
4291	Hobobrine	14372
4292	Unlasher	14363
4293	Kyphii_	14345
4294	jjemb	14341
4295	melkekuada	14290
4296	nuggetcat_	14250
4297	Darfs	14248
4298	Lizard44	14236
4299	Its_DevonO	14219
4300	ColdFrozenYeti	14217
4301	actuallycedric	14211
4302	tgamemode	14140
4303	zStriqe	14107
4304	Amnestics	14070
4305	UndeadPark	14067
4306	HugTed	14053
4307	gaben4	14019
4307	_LooneX_	14019
4309	Matututa	14011
4310	Delashmit	14010
4311	Multiiy	14003
4312	HarryPokeR	13999
4313	poppysames	13996
4314	BudaDude	13986
4315	kna	13972
4316	Derkek	13971
4317	ActivelyLogicalt	13968
4318	Kasesino	13946
4319	00000000-0000-0000-0009-01f7965f8059	13870
4320	klir	13835
4321	Spectraul	13811
4322	ruxxter	13807
4323	poeifnewa	13750
4324	GivenHaddock33	13738
4325	JahsehFace	13737
4326	00000000-0000-0000-0009-01f3282b8278	13707
4327	izzybearh	13705
4328	JMJ_Productions	13696
4329	polishwife	13688
4330	AeroKun	13680
4331	mobiledeposit	13676
4332	ItzTapt	13668
4333	HAPPYfaceO1	13665
4334	DieselBelly	13650
4334	Cpietr0	13650
4336	TheOG_FonzoUA	13632
4337	mrjobey	13613
4338	johlden	13608
4339	pscanlon22	13595
4340	Acidic_wat6	13575
4341	ogld	13574
4342	CrustySB	13547
4343	PSClarkey	13525
4344	Tom_Holland	13511
4345	SiloRust	13495
4346	Robofluff	13481
4347	RavingPlatypi	13460
4348	OZKlutz	13432
4349	lexrl_	13412
4350	RealIRA	13406
4351	Filthy_Wh0re	13404
4352	NashVegas	13389
4353	ian	13328
4354	_Marseille	13315
4355	qu1ntometry	13307
4356	Kuintin	13306
4357	anonukrinian	13275
4358	M1ST3R_L3M0N	13265
4359	kirbszul	13259
4360	Mubb_	13255
4361	kidrdavis	13219
4362	WhackyTech	13201
4363	brett_alan	13179
4364	Rysbee123	13178
4365	Elliephinny	13176
4366	thezedayz	13141
4367	Maxenor01	13118
4368	freeross	13116
4369	Uncle_Albert	13096
4370	Xeranok	13088
4371	Coolbeau	13085
4372	pixieluvr	12966
4373	TheFatJester	12963
4374	Destiny_Balls	12956
4375	UCHJHACLANAMDKN	12949
4376	nomuno_	12936
4376	wumrey	12936
4378	froggo0o	12929
4379	Herkadoo	12915
4380	villainbrine69	12897
4381	RobotShinobi	12873
4382	Anonymous_Gamerz	12854
4383	crispylegumes	12845
4384	NolanGrayson	12828
4385	Phanthium	12781
4386	zxc321	12752
4387	00000000-0000-0000-0009-01f54645152a	12745
4388	Wooged	12731
4389	ElodieElodieful	12720
4389	SSSYTH	12720
4391	gomeme	12719
4392	Kreuvix	12700
4393	Azassu	12689
4394	damapvp	12666
4395	PojkenJesper	12665
4396	VolcanS	12656
4397	jinwei12	12653
4398	FoxyXero	12641
4399	EpiphanyThoughts	12594
4400	FlyestGent	12571
4401	arrianaire	12534
4402	SlinkyAddict	12525
4402	DaEpicPizza	12525
4404	toyota__camry	12503
4405	The_Weary_One	12490
4406	linenicolaisen	12468
4407	JustACyanCreeper	12432
4408	darthalani	12390
4409	BlueValentine77	12365
4410	CVMOR	12361
4411	Void_fish	12352
4412	AfghaniRonnie420	12349
4413	zombierieger	12340
4414	diggie	12312
4415	Golike11	12300
4416	Nyrotic	12299
4417	ArcaneThesis	12255
4418	Sky_Fly95	12247
4419	NonPhased	12238
4420	F4TY0SHl	12236
4421	weepylore	12230
4422	BlueTree_	12226
4423	Zicom	12215
4424	lnr_s	12204
4425	camilama	12195
4426	my_grasp	12182
4427	oGerard	12161
4428	Stone93	12100
4429	Ty_Hulud	12083
4430	diddover	12065
4431	mikipedia_org	12063
4432	Drabloon	12027
4433	Revwood	12017
4434	OfficalStunnaK	12015
4435	Fetxu	12007
4436	Ehnzo	12003
4437	Oddsprout4	12000
4438	00000000-0000-0000-0009-01fc95e3f3b5	11960
4439	wireman	11927
4440	Jay_K	11904
4441	Gilgara	11887
4442	BlGChris	11885
4443	roboacta	11884
4444	MehmetLeo	11874
4445	MotherCricket	11870
4446	Ekplayer24	11852
4447	Mindtroid	11847
4448	lapp777	11807
4449	Pokiee	11795
4450	x3jK3mLuN34Mn	11788
4451	Nickp120	11775
4452	GIRTHY_BEAN	11770
4453	danslayer25	11757
4454	Shadrachh	11747
4455	xSamHeppy	11745
4456	DaBino	11725
4457	Felaxo12	11703
4458	sumsungfridge	11698
4459	Desmonethes	11680
4460	mickeymokie	11679
4461	MartynHolland	11656
4462	ArcticMedusa	11647
4463	BkLav	11636
4464	BullyHunter_	11634
4465	memonow	11628
4466	Robovolk	11619
4467	alg0	11608
4468	sapita	11592
4469	BigShon	11591
4470	chiapet54	11567
4471	iFaanta	11566
4472	Dovacube_	11563
4473	Dipplesmatch	11532
4474	dadsamuggle	11529
4475	Mandaas	11527
4476	Retrai	11515
4477	Illimatic	11511
4478	BulletDonut	11504
4479	Arvein	11500
4480	felix16000	11499
4481	DelMetaInf	11437
4482	b01w	11403
4483	T0NYDENALIGAMING	11383
4484	LU15	11377
4485	MakeHistory159	11376
4486	SoloHawk21	11358
4487	WaterIsTooGood	11325
4488	staxkin	11313
4489	Snapper06	11311
4490	JMWAB	11291
4491	Sewellia	11289
4492	REALLYHURTS	11273
4493	AskewCap	11267
4494	PublicX2lost2pla	11250
4495	Thrillbot	11235
4495	MJgaming_	11235
4497	5braincellsleft	11208
4498	zKaneki	11204
4499	tomkun2000	11192
4500	00000000-0000-0000-0009-01f5a7f5db57	11172
4501	bookworm7171	11170
4502	Congrosium	11158
4503	Cracked3ggs	11145
4504	StickoCelery	11140
4505	cxlxsie	11119
4505	grodyHole2005	11119
4507	Horizons86	11118
4508	_JoeyT_	11117
4509	FlashDad	11104
4510	Alilpumkin	11089
4511	11_harry	11078
4512	Duplox_The_Cat	11067
4513	ObdtBTW	11056
4514	Chugg_	11048
4515	mightyMarkeZZz	11026
4516	JustGetGud	11025
4517	MrAveragePenguin	11012
4518	BoxThatTalks	10991
4519	AngelIron	10989
4520	sefica	10963
4521	mahlooo	10958
4522	DU5TIN	10948
4523	The_Tripster150	10929
4524	lipeckiz	10923
4525	Purplera	10911
4526	Nutt_y	10892
4527	Saikok_	10886
4528	magykcraft	10851
4529	CapnLegacy	10817
4530	ColbeeDoesMC	10807
4531	Morphowolf	10799
4532	CornFlecs	10779
4533	YOUMINECRRFT	10770
4534	jacobot	10769
4535	SercraftGaming	10753
4536	Elarz	10752
4537	legitnessman	10713
4537	Wotters7	10713
4539	AmazingIGN	10698
4540	Skittle25	10684
4541	ichfickemojang	10682
4542	Dare111	10658
4543	00000000-0000-0000-0009-01f26dd426cb	10653
4544	MalcMan13	10646
4545	DankieKang	10642
4546	Feersee	10614
4547	Mr_Awesome800	10606
4548	lumikoh	10583
4549	1bls	10568
4550	Jaqar	10556
4551	Yingwe	10546
4552	Bumble_Bree	10537
4553	Bonkal	10503
4554	LeonidasJD	10485
4555	tomatoslain	10477
4556	TheTerrain	10448
4557	GaruGatsu	10440
4558	mercum	10439
4559	Epicster	10430
4560	BlazingSaddlz	10423
4561	IAmAxel_	10420
4562	AltNumberF5	10417
4563	Raininp	10388
4564	scrqppydooo	10377
4565	Supr7	10361
4566	wanlizhang123	10359
4567	_Henry_	10351
4568	NimBit	10313
4569	Oliver_Frost	10287
4570	Ointm3nt	10279
4571	Sforces623	10257
4572	TadTadTadTad	10250
4573	Freeweights	10237
4574	RoyalDorrr	10236
4575	MayonaiseMonkey	10219
4576	GlockStone	10207
4577	nuggita_human	10206
4578	xGAMx	10182
4579	00000000-0000-0000-0009-000001675083	10142
4580	bubba1460	10130
4581	NumbingOpossum	10120
4582	notch_did_it	10111
4583	CheezeNuggies	10095
4584	Omaheed	10093
4585	btk66666	10091
4586	ThymeTraveler	10067
4587	Pemby	10064
4588	graggl	10060
4589	luc2505	10011
4590	ycnicholas	9978
4591	BlackThomFan	9972
4592	Ginsh	9964
4593	_Paddydoo_	9959
4594	dato101	9954
4595	WhySoSerious	9950
4596	TheRedHeadGirl	9931
4597	sebastiensaborio	9873
4598	BlurYur	9872
4599	Sonnic14	9868
4600	Loki775	9849
4600	p00py_mcbutt	9849
4602	blappp	9844
4603	Dohace	9842
4604	MCList	9803
4605	NobodyLolWhoIAm	9801
4606	cooldude654	9795
4607	mc46590	9778
4608	1Riot	9774
4609	JacobSandbjergK	9765
4610	HORNYC4T	9764
4611	maggie_mime	9718
4612	Erinmor	9716
4613	masterkeif1	9699
4614	Spaghetti_Joe	9686
4615	ZillaZilla100	9672
4616	muddysea	9664
4617	loessen	9636
4618	320	9612
4619	erikthebeanman	9604
4619	McConnor_	9604
4621	Actually3Cats	9594
4622	KnadianFrog	9584
4623	MadsThorsager	9580
4624	Snipenation	9563
4625	Bad_Joke_Amon	9555
4626	TheScruffington	9552
4627	00000000-0000-0000-0009-01fbab7ea71d	9525
4628	Revolutions	9510
4629	Jobydobe	9502
4630	lauwevis	9487
4631	xxXMrDragonXxx	9484
4632	BarryDigBick	9442
4633	MiniVevo	9421
4634	EnderrKingg	9380
4635	joltzmc_	9368
4636	direk_james	9364
4637	B316	9344
4638	Wuoahter	9338
4639	AKMrT	9331
4640	goobsTV	9316
4641	Daswf852	9302
4642	Diamondepic2	9288
4643	Cubeses333	9262
4644	painpill	9258
4645	_Memento_Mori	9253
4646	Foow	9208
4647	notroyston	9190
4648	MawnsterUwU	9180
4649	JoniDisco	9179
4650	Cey123	9172
4651	nassen11	9166
4652	Joshuarumold	9139
4653	Batoniukas	9121
4654	Apex2009	9116
4655	00000000-0000-0000-0009-01f1806b06fd	9093
4656	OhmShaLam	9066
4657	yungboyharry	9063
4658	sanitys4theweak1	9034
4659	OatAmOats	9030
4660	SpokenBanana	9018
4661	Deiv1928	8990
4662	Ruzeeq	8980
4663	B4G3L	8973
4664	000101110001	8962
4665	00000000-0000-0000-0009-01fa8b0acb51	8913
4666	Bubbalicious24	8910
4667	macechen	8882
4668	therangatangwang	8870
4669	wildorangehead	8858
4670	Udermeister	8845
4671	tadees	8844
4671	APthree	8844
4673	ira_calamitosas	8823
4674	cmui	8811
4675	Phaneron	8803
4676	Reide	8762
4677	g00njug	8752
4678	Ty_Carries	8734
4679	Littlest_Red	8720
4680	DonGibbo	8710
4681	Kwazkov	8652
4682	Overturn	8630
4683	FelisFs	8625
4684	meeser9	8619
4685	Kerpele	8598
4686	Czimy	8592
4687	boypebble	8583
4688	GodlikeObama	8581
4689	AwesomeChair	8574
4690	Adelios	8541
4691	LoveFroppy	8524
4692	quitlurking	8519
4693	MaiChiLvLis9000	8517
4694	Gokal	8486
4695	00000000-0000-0000-0009-01f8b1c4dc1c	8469
4696	420INFOWARS	8462
4697	xJakex15	8438
4698	Palpaque	8418
4699	_mariio	8417
4700	Domotaco	8397
4701	Mikey_Allmighty	8392
4702	taiga_links	8381
4703	theRonimal	8331
4704	Apochrome	8313
4705	Night_Call	8312
4706	GooseGoGo	8291
4707	mamamoomoo	8282
4708	mentiii	8278
4709	ATLDON	8268
4710	ceericciardo	8214
4711	creampaii	8203
4712	brintons_	8201
4713	LegitVeggie	8197
4714	IceeFireDragon	8185
4715	frick_frickler	8151
4716	GoodCallYT	8148
4717	echobay	8134
4718	Virdose	8117
4719	Gogowchi	8106
4720	LokiSniffsFarts	8065
4721	wristgonecrazy	8057
4722	TheRealYonz	8047
4723	C_A_S_H_G_E_N_DS	8032
4724	goyz	8005
4725	Kitttttttty	7998
4726	alddd	7997
4727	Digei	7984
4728	TerraBRB	7973
4729	omendice	7943
4730	streamy_t	7927
4731	Bretomart	7906
4732	mme_rieux	7901
4733	SoapTastesAight	7900
4734	Fatal_Edge	7895
4735	spacybadger1	7876
4736	Panda_Brah	7875
4737	B1aNk_Check	7862
4737	CheesyKees	7862
4739	J2E_	7846
4740	XxxBunnyGirlxxX	7845
4741	neovision1	7838
4742	_snupy	7830
4743	Schmeisterr	7825
4744	JohnnyKansas12	7824
4745	SweatySpaghetti	7813
4746	CupOfNoodl3s	7803
4747	marygol89	7780
4748	Bonna8	7772
4749	Reytoad	7770
4750	00000000-0000-0000-0009-01f50a89c67e	7762
4751	uhhhliya	7757
4752	Da___Vinci___	7747
4753	_Sn4pdragon_	7746
4754	gwinti	7745
4755	KonkFine	7739
4756	oven234	7735
4757	_Ash_was_taken	7732
4758	CecilieCDK	7722
4759	xXMuschkoteXx	7701
4760	hasnpetal	7697
4761	Dimotai	7691
4762	nothikarururu	7682
4763	JillCows	7667
4764	SquashyHydra	7640
4765	SuperkickxParty	7635
4766	PalmonAguri	7630
4767	Samxrr	7621
4767	LoYuan	7621
4769	pepeltopo	7613
4770	yanginhyun	7609
4771	wybrain	7602
4772	iBroin	7591
4773	ericmisa	7590
4774	imyam	7589
4775	wocho	7586
4776	0_B_C_T	7577
4777	Derp4Dayzz	7566
4778	Eth3rnet_	7550
4778	ZeldaMuschler	7550
4780	_NieToksikpl_	7544
4781	Kappaad	7537
4782	donmoxis	7517
4783	Ceryn	7515
4784	andrewistiny	7510
4785	xvv0	7505
4786	Just_A_gamer420	7498
4787	Kristofian	7497
4788	xxBianchixx1	7492
4789	Bob_The_Blade	7485
4790	RiseOfGruSweep	7482
4791	LostSoul75	7481
4792	Arielthebest	7479
4793	POUNOUM	7473
4794	TookieDookie	7449
4795	Saber0511	7442
4796	hashaszegoat	7433
4797	JulienGallant	7429
4798	Symic	7422
4799	yoitsabdel	7382
4800	Tortareka	7369
4801	starburst300	7352
4802	bigmill18	7351
4803	Armetti	7348
4804	AlexDO	7332
4805	jb0y117	7319
4805	wirelessbread	7319
4807	UNCCashews	7295
4808	Screenbound	7292
4809	MarqelGHG	7266
4810	FoGGer23	7247
4811	24dk	7243
4812	Nictoon	7238
4813	JauncyWaffle99	7213
4814	craxymonke	7199
4815	Isper47	7186
4816	crysdavis100	7178
4817	QuestionWarp	7160
4818	easy_play	7148
4819	SuperSkrull	7142
4820	00000000-0000-0000-0009-01f1c690cdfa	7138
4821	00000000-0000-0000-0009-01f7cca87c28	7136
4822	Shadowknight2304	7128
4823	DAVID_ALL_CAPS	7122
4824	Burza_Krual	7111
4825	YourBoyRichy	7106
4826	humpycompy	7105
4827	00000000-0000-0000-0009-01f4b8aa9f26	7099
4828	TKBKbros	7098
4829	viziqs	7068
4830	GodOfEggplants	7054
4831	Absova	7051
4832	Dazure	7039
4833	LazyJones	7034
4834	BigPapiChulo	7029
4835	fatbum10	7025
4836	Spiraph	7015
4837	NiceDuwang	7002
4838	dylcito	6999
4839	lunosnyper	6978
4840	EliWBH	6972
4841	rischbieth	6948
4842	Nyctrimly	6922
4843	wasjetztt	6917
4844	Skythc1	6916
4845	TaelF	6909
4846	Not_Ozy	6897
4847	Miqz1234	6889
4848	PlebTier	6869
4849	Kimmureil	6868
4850	poolarbear	6852
4851	ArsonistWitt	6845
4852	Alpitrix	6840
4853	amirt01	6836
4854	UberNate	6829
4855	LimeBike7	6816
4856	Glotch64	6815
4857	ItsKayBtw	6782
4858	whisskys	6781
4859	BouperSnuukler	6776
4860	ayyOrca	6771
4861	Ramonms98	6758
4862	Strahill	6756
4863	SteveJ0bless	6755
4864	KingShinji	6748
4865	DoodledBro	6736
4866	Theone1135	6730
4867	evanghostedsimp	6711
4868	Axemurdermike	6703
4869	eefusgoofus	6693
4870	xDebaser	6687
4871	Josherk6	6627
4872	Sw1zzy	6612
4873	zAlphabetz	6579
4874	Kresant	6577
4875	starmacbarbar11	6570
4876	DandyPeteyBoy999	6548
4876	B1gL4dd	6548
4878	HairyPeaches_	6546
4879	PoIIey	6544
4880	Dustortion	6540
4881	Blarfo	6523
4882	IceJesus	6519
4883	Strokin	6517
4884	einarnor97	6468
4885	___Moop___	6458
4886	Smokien92	6453
4887	Wheezy269	6443
4888	Moschu777	6435
4889	_Budge	6434
4890	treetrees	6432
4891	squidfeather	6419
4892	StefChe	6403
4893	Sacred_Grounds	6401
4894	Dylane0	6393
4895	CaffeinePwrd	6384
4896	Emereldmaster333	6380
4897	00000000-0000-0000-0009-01f72bfcf4c1	6370
4898	_Czerik_	6359
4899	Vaporizze	6342
4900	Unchallenged_	6333
4901	00000000-0000-0000-0009-01f3d85f3acf	6328
4902	Endoreon	6327
4903	Bloxmanblox	6322
4904	seallucky	6318
4905	_Nimosh	6314
4906	crustyones	6307
4907	YungFeminist	6299
4908	CHTHOM	6296
4909	TheJoshua	6294
4910	jenna2224	6267
4911	00000000-0000-0000-0009-01f9d4e27388	6242
4912	slrr	6234
4913	Remiculus	6231
4914	Laphamore	6212
4915	Kittick	6208
4916	75T	6197
4917	_Clippy	6192
4918	That_Camel	6180
4919	153sean	6179
4920	Frozil12	6175
4921	starBURST_alt	6174
4922	dandylimes	6151
4923	Pepsea	6129
4924	Apex_Lobster	6128
4925	BigManMcCombie	6125
4926	PaigeDown	6120
4927	Peco9	6104
4928	Soosech	6096
4928	Berendvdp	6096
4930	shanmaz92	6083
4930	Goose_Snatcher	6083
4932	alston_	6062
4933	OutlawRebel9	6060
4934	SullyLogan10	6055
4935	BD18	6052
4936	NotFreer	6043
4937	ThoseDucks	6033
4938	Asriel_Dreemurr8	6009
4939	Ferikil	6004
4940	HapaFPS	5995
4941	ABathMatt	5986
4942	McFlury456	5977
4943	BanjoLegs	5974
4944	Undermindovich	5968
4945	XxmumuxX	5940
4946	Bisk14	5924
4947	albopilosus	5914
4948	andrewson811	5899
4949	joey_dev	5893
4950	Argran	5863
4951	alkhemik	5858
4952	Atahyang	5855
4953	00000000-0000-0000-0009-01ff950f3d22	5852
4954	Chaosgurke46	5831
4955	kapono209	5825
4956	Djangomc	5821
4957	Dunger97	5816
4958	Altradir	5814
4959	00000000-0000-0000-0009-01fd2f972963	5802
4960	BenCos18	5790
4961	_Sausages	5789
4962	AceIsOnTheCase	5775
4963	00000000-0000-0000-0009-01fce9523e0a	5773
4964	xsupergoosemanx	5771
4965	apeasfullworld	5770
4966	RCSCHICKEN	5768
4967	Mihajlo8346	5759
4968	BluesLazy	5758
4969	UnrustledJimmys	5737
4970	KeithMc	5734
4971	yesuns	5710
4972	SWSN	5703
4973	Liam22222	5701
4974	Wintersun	5699
4975	XFLEXDADDY	5698
4976	Crab__Salad	5697
4977	Fish1s	5686
4978	3lla_salvi	5679
4979	ihomango	5677
4980	Zone_tan	5674
4981	xPiano	5673
4982	R34GT	5666
4983	DJfabi	5655
4984	XiphoidLily	5647
4985	unexpectederr	5630
4986	Rickergaming	5622
4987	LUICHA	5612
4988	Croppu_	5599
4989	JumpingRoo	5592
4990	00000000-0000-0000-0009-01faf1bfa8f4	5570
4991	Booger_Cheeks	5566
4992	caddwell	5548
4993	AuBanana	5547
4994	BDogx01	5522
4995	Genghis_khan	5520
4996	le_compadre	5519
4997	Myles124	5498
4998	amess337	5495
4999	Subconsciousness	5476
5000	fairhard	5469
5001	Kini97	5467
5002	kksng	5465
5003	cjohnson2232	5462
5004	Rudy_Caron	5455
5005	LugiaGaming	5432
5006	InFerNus4K	5429
5007	SausageMong	5417
5008	Qwertyuiop95	5416
5009	panicmonger	5414
5010	Citrxy	5399
5011	MickDouglas	5397
5012	PaulStanley	5354
5013	SpeedPotion	5334
5014	Ikea_Worker_1	5333
5014	DiiKojs_camera	5333
5016	aphlipo2	5326
5017	cguiton14	5298
5017	Deadiam	5298
5019	trundlingwombat	5295
5020	libdeflate	5290
5020	mikolvj	5290
5022	Ender_of_Steel	5269
5023	Novele	5260
5024	speedboy9	5235
5025	Xcissors	5234
5026	LeonSyndrome	5221
5027	Cyan_blue	5203
5028	BlitzIR	5198
5029	le4ves	5195
5030	Dre4mWo0d	5194
5031	KedithJW1996	5189
5032	BabyfaceBenson	5181
5033	89ba6fff-e227-4a6c-9653-234fdc08328f	5180
5034	oreoMilkshake_	5170
5035	InertSnake	5161
5035	Horriblebadwolf	5161
5037	Searing37	5156
5038	Bn_bytes	5151
5039	moxim	5147
5040	Yoda4211	5144
5040	66a9a9e5-2bb0-3221-a4f1-36fc133f34ab	5144
5042	surfbeetle	5143
5043	xKodor	5126
5044	CedeCooper2010	5115
5045	Spankygrundle	5113
5046	Ice79	5107
5046	__Ohm__	5107
5048	anc69	5092
5049	Mitcherrion	5081
5050	PH0SLUX	5073
5051	Austindor	5068
5052	IAmUndead	5062
5053	nearlystardust	5053
5054	Payatot	5051
5055	SeagullRedRover	5050
5055	The_Arma	5050
5057	ImWhiteJesus	5046
5058	VicDF	5045
5059	dogfishi	5044
5060	zZzAwake	5025
5061	NunWithAGun	5023
5062	rippedsock	5013
5063	yfzbansshee	5004
5064	zobeytheoctopus	4993
5065	EvoCA	4981
5066	BannerZzZ	4980
5067	Slaz2z	4976
5068	Jozilla_Stone	4965
5069	Pixel4ted_	4963
5070	aboynamedmark	4951
5071	akashy_PB	4947
5072	SaintJosie	4921
5073	NotSoGiddy	4919
5074	alokeracso	4914
5075	AtomicChicken7	4904
5076	Rx5	4891
5077	Zaglune	4886
5078	Dark_Skull13	4875
5079	burnsa	4874
5080	MuchKestrel	4868
5081	Rosepetalwitch	4855
5082	YodasFemboy	4842
5083	VERishere	4839
5084	KeromaKarma	4835
5085	ilovevexsfm	4827
5086	PointlessPoteyto	4794
5087	GregLeMond	4793
5088	gayblackninja	4774
5089	MrrBubbles	4763
5090	ChronoBrawler	4755
5091	ThatOneDoood	4748
5092	sniper718	4745
5093	oliooms	4739
5093	Vittx	4739
5095	TheOriginalBigO	4726
5096	Pandora7	4718
5097	_Pins_	4710
5098	t_leadahr	4704
5099	WildyGhost	4685
5099	muffinimplosion	4685
5101	ESO_XVTH	4684
5102	GukkiMain	4675
5103	Columey	4672
5104	AWildJoshski	4660
5105	cole3050	4659
5106	Diamond_VR	4653
5107	Jayy_Kush420	4632
5108	MiniMuffinn123	4630
5109	drako456	4629
5110	YEEJY	4628
5111	Panyel	4627
5112	Maatricht	4616
5113	snarled_	4602
5114	HOLYSPAGETI	4589
5115	TwoKnight2	4577
5116	windex0	4574
5117	Yukiz_	4566
5118	100z	4562
5119	TripleA26	4561
5119	nicktx73	4561
5121	Eskittles42	4556
5122	Goofyalmond	4552
5123	dRogerr	4544
5124	vladislav	4535
5125	OozingMatter	4531
5126	JaacobLG	4528
5127	Goncoso	4508
5128	Lil_Lumi	4494
5129	MrUnderhilI	4492
5130	r0utedragon	4479
5131	pob_the_villager	4469
5132	Wonie_	4466
5133	Dakota2145	4465
5134	jhnhl	4460
5135	NxtFoke	4453
5136	PadawanAmy	4438
5137	Muddy_Buddy	4433
5138	potato_phone	4423
5139	PokeCedGo	4408
5140	RoSukiii	4407
5141	eduz	4395
5142	Aech123	4389
5143	WayBayby	4386
5143	8p9zh9o0	4386
5145	andres_rawr	4377
5146	MajorTreaty	4376
5147	Emils_katt	4369
5148	MerryTangerine	4365
5149	Chaosfire7	4356
5150	heko_rin	4351
5150	Absolbr	4351
5152	FacePwnd	4337
5153	smittyextreme	4332
5154	Agarikus	4296
5155	_Nikhedonia	4291
5156	Geduard	4281
5157	Android___	4280
5158	pikaillott	4271
5159	Polar6767	4263
5160	Galactic_Badger	4262
5161	AmericanUK	4255
5161	KTMaggs	4255
5163	OrangeSyrek	4242
5164	TroZDoz_	4241
5165	okaycham	4229
5166	ivan5012	4198
5167	Iunderstand	4193
5168	Jozoid	4183
5169	danieljo12	4169
5170	Danzeik	4165
5171	bestcharlie7	4140
5172	AngryRabbi	4129
5173	Crazyhouse262	4124
5174	tablebryce	4123
5175	angelxxsol	4119
5175	whatislife	4119
5177	SlyBuggy	4117
5178	Gallatica	4103
5179	GtlsGamr	4093
5180	JParsloww	4084
5181	JayCanPlayGames	4079
5182	hetiseenoverval	4074
5183	Faithhfully	4072
5184	Rascadux	4071
5185	Airivol	4070
5186	Lucheti	4069
5187	atz513v2	4066
5188	MortimerGaming	4061
5188	Yummydonuts56	4061
5190	Quee_N	4053
5191	SirPrestonII	4031
5192	ComradeSquirrel	4013
5193	ghostbai	3984
5194	MoodMan7129	3975
5195	mounderfod	3974
5196	ProMi_	3971
5197	MaxM0517	3970
5198	Duplexes	3966
5199	FlyingFox32	3947
5200	MrJBJones	3942
5201	Zertock	3932
5202	Impxsta	3915
5203	Donutello	3894
5204	Arctic_Raccoo	3891
5205	Smokydv	3879
5206	excellentJY	3871
5207	Choney_Mac	3853
5208	notriri	3842
5208	Nato_Hendo	3842
5210	visquit	3838
5211	Uskneb	3821
5212	Gordon3301	3812
5213	FlyingWeasel	3810
5214	ShadGlxtch	3808
5215	SaturnnnX	3802
5216	Cactusini	3774
5217	beta20	3770
5218	foxyroux	3769
5219	Donatello7	3768
5220	doudoume	3763
5220	Tanstar	3763
5222	CyberOpticNerd	3761
5223	Olivrrpb	3750
5224	RideCrash	3718
5225	DKeison	3697
5226	minekou	3696
5227	Appricots	3690
5228	Arnlaugur	3681
5229	FreshSauce_	3680
5230	tethax	3673
5231	Funtimes456	3663
5232	Dong__	3661
5233	Mljek	3656
5234	EthanV01ker	3644
5235	dante_francesco	3633
5236	Statinis	3621
5237	Sneaxos	3619
5238	Bleyblah	3617
5239	_fruitcake	3615
5240	TyW1607	3610
5241	Aleksis4553	3596
5242	_Term	3594
5243	RaZer17	3584
5244	Ryanincredible	3577
5244	Cyteq	3577
5246	qaradox	3558
5247	654wak654	3537
5248	CatboyShiki	3535
5248	907winter	3535
5250	Telerobocop	3530
5251	N3G4T1V3X3R0	3527
5252	Jayme2003	3526
5253	Brentabc	3510
5254	Gargantia	3507
5255	WhiteHeron	3505
5256	robdog777	3503
5257	laolitongxue122	3501
5258	benenomoreno	3495
5259	Gaaark	3494
5260	imapotato12	3486
5261	Sorah	3483
5262	sk8sta	3465
5263	Namiro91	3460
5264	callmeryeguy	3459
5265	Guestify	3449
5266	5ugoi	3441
5267	JaqenHghar	3432
5268	rocklobster2012	3403
5269	poptarts88	3399
5270	ErynLexa	3397
5271	Sonjeba	3391
5272	Nimrod_Bogard	3386
5273	4cqker	3380
5274	qDas	3374
5275	Vauxie	3372
5275	puggerly_	3372
5277	TheKingMatrix	3346
5278	Bongo_the_Yeen	3344
5279	vietsmith	3341
5280	Light_Shade	3337
5281	_tomesan_	3332
5282	dobbloshooter12	3328
5282	MaybeScripted	3328
5284	Cyberboreec	3321
5285	C5Y	3316
5286	00000000-0000-0000-0009-01f0e3804c14	3309
5287	WiseMasterr	3296
5288	Henooki	3281
5289	capodetelao	3279
5290	dotterel2	3271
5291	LivDoesDevStuf	3267
5292	TheZizamie	3260
5293	Hollow0604	3259
5294	rage_on_twitch	3257
5294	CaffenatedS	3257
5296	Enderbr000	3235
5297	ilinfinityil	3226
5298	Milpopsina	3223
5299	cenunix	3211
5300	StarkAmberwell	3201
5301	Swisstopher	3197
5302	Robert40	3196
5303	Wumbalogyy	3191
5304	Hypermoron	3144
5305	M00nFir3	3141
5306	FutureGorilla99	3140
5307	Senuna	3138
5308	_Kadian_	3134
5309	TheGreatDayton	3133
5310	Gnic	3123
5311	ben_wuz_heer	3099
5312	ronaldoiswhite	3097
5313	UnsounderFiddle	3059
5314	eve	3045
5314	Carlos_6v	3045
5316	abelisnothing	3037
5317	CuberNet	3035
5318	JimmyDM	3018
5319	twoozies	3016
5320	s_salcedo	3011
5321	DennisComeau	2997
5322	Nebby2274	2994
5323	ReenH26	2986
5324	MisterSally	2970
5325	1zzfe	2959
5326	ShanesyPwns	2951
5327	Tqk	2947
5328	beastington231	2937
5329	Bumboozled123	2936
5330	robertelch	2935
5331	VayneSoulKnight	2930
5332	Ni1o	2926
5333	dozerlol	2919
5334	trampolinegirl71	2918
5335	Oxiotzos	2916
5336	p4ddington	2910
5337	fatbao	2902
5338	KingMusti96	2896
5338	noisedoom	2896
5340	Rodannn	2894
5341	NobleChimp911	2890
5342	Teemordi	2889
5343	Wxc_XB	2887
5343	00000000-0000-0000-0009-01f4a97a46b8	2887
5345	EvenBlob	2883
5346	ItsNebulaX	2880
5347	ByroBuff	2876
5348	connorbigpeen	2873
5349	Jeysunn	2872
5349	M4dRuss1an	2872
5349	Guncxa	2872
5352	JayQuanDaTrapGad	2862
5353	Jaehex	2861
5354	Fire_King_209	2851
5355	Leatherback_	2850
5355	maddd1177	2850
5357	Vikings232012	2817
5358	Crossota	2814
5359	boros21	2810
5360	Naleacs	2809
5361	GoCho_	2808
5362	Crazykiller900	2800
5363	DarioCru	2796
5364	Honor555	2792
5365	DyDyRo	2791
5366	urbigbutt	2790
5367	ubilliam	2787
5368	__CaptainDaddy__	2780
5369	Spinbox101	2767
5370	MartinShoob	2761
5371	MassiveZach	2754
5371	Kredriver	2754
5373	Qennny	2748
5374	neinsuwu	2735
5375	Noahs_Alt	2730
5376	Wine757	2728
5376	SupremeCalamity_	2728
5378	FortniteKid2022	2721
5379	Sacriprey	2719
5380	fluxt_	2714
5381	UnusualTryhard	2712
5381	practicekitty159	2712
5383	kill23445	2707
5383	Django3000	2707
5385	FuzzyTrick	2698
5386	SilentSebast	2693
5387	mullamatic	2690
5388	MaxyHappy	2685
5389	SergeantPaul	2682
5390	jesluck	2678
5391	mcfaultyy	2676
5392	GreyMatters	2673
5393	Shogun0609	2660
5394	redbeari	2648
5395	crayon_0	2644
5396	KingOfTheMomos	2634
5397	iTz_Ixxy	2632
5398	elva88	2627
5399	c_64	2616
5400	Baxepoche	2609
5401	hshtgHASHBROWNZ	2602
5402	00000000-0000-0000-0009-01f8a80206b7	2601
5403	microsoftt	2589
5404	unhuggity	2586
5405	Doddskii	2572
5406	Surf	2570
5407	00000000-0000-0000-0009-01f88814ece7	2569
5408	TheBoss1027	2567
5409	Rio_RD422	2559
5410	00000000-0000-0000-0009-01f295d551fd	2558
5411	blue_lad	2541
5412	Pedloc	2536
5413	rileyrocks29	2522
5413	lithi1	2522
5415	Sirduggzy	2520
5415	Elephant_Parade	2520
5417	Squid_eXorcist	2502
5418	72dcc9b7-25dd-46eb-939a-3503757017c4	2501
5419	Kodiak06	2498
5420	GravelTravel	2492
5421	NIKNAIZ	2480
5422	BigVinceMC	2469
5423	Theogilli	2461
5424	Domdude54	2460
5425	GrandMasterBoo	2449
5426	jeff_k93	2447
5427	Master_Pig	2438
5428	ItzJacke	2434
5429	ZZzzzxxzzzZZ	2425
5430	SneakStrike	2415
5431	zS0bye	2407
5432	Kumiache	2395
5433	zizxyy	2390
5434	AndySheesh	2384
5435	Ogge0303	2381
5436	ClipzMuffinz	2375
5436	BenElias25	2375
5438	SuperCoop2113	2374
5439	CaptainPlebian	2372
5440	SirDoctorAllonsy	2363
5441	Psykomatic	2361
5441	GoldfishWilly	2361
5443	Excellent_danila	2352
5444	Hotboi45	2349
5445	tatums1184	2346
5446	00000000-0000-0000-0009-01f0fee393f2	2345
5447	00000000-0000-0000-0009-01f5d205e3e6	2319
5448	JoeBloxberg	2316
5449	PyrrhusofEpirus_	2314
5450	Dot666	2313
5451	Akaunei	2311
5452	dtosic	2305
5453	TizzleFizzle_	2302
5454	0rigamiDragon	2298
5455	Ioritzlope111	2297
5456	dawnlor	2293
5457	yorgisomregy	2292
5458	IanTeig1982	2285
5459	DuendeRompeCulos	2282
5460	h__jx	2279
5461	weil613	2273
5462	Lumalina	2271
5463	DvlPup	2262
5463	LivingDeadArtist	2262
5465	ABlankPanda	2245
5466	BosasoEiko	2242
5467	iMiszel	2237
5468	NBD_Elijah	2234
5469	zjayato	2219
5470	MonkeyNutMC	2217
5471	M1nna	2215
5472	LittleSunflower	2208
5473	popcatbop	2186
5474	Sitdoown	2182
5475	xvlian	2174
5476	MBBQ	2167
5477	mythicalz	2164
5478	ZK69	2155
5479	CDGWaffle	2147
5480	BarrettPrivateer	2144
5481	wingsformarie	2140
5482	Pikachu2204	2139
5483	AmongUsSussyBaka	2133
5484	RotiDeBoeuf	2129
5484	RubiksCubeAddict	2129
5486	TiltedMuffin	2126
5487	CageyPond	2122
5488	TheSillyDoggo	2115
5489	PVPpro1111	2108
5490	Diversity_MG	2106
5491	tottl	2103
5492	MenKissing	2091
5493	BIGBENUSHER	2089
5494	sus_bulge	2081
5495	ojosdegata	2076
5496	_Sol_Eater_	2075
5497	stinky_wolfhound	2066
5498	MysteriousQi	2058
5499	threaty	2056
5500	AllieCat1909	2033
5501	nhmx	2020
5502	nesaaa	2019
5503	Columbo34	2012
5504	OfficialDrewie	2011
5505	Halfacharizard	2009
5506	Monday__	2003
5506	tdefyu	2003
5508	Mr_Marthi	2002
5509	MagicCam03	2001
5510	oliweuka	2000
5510	UnbreakingVI	2000
5512	iiEco	1993
5513	omidd	1981
5513	Blazzore	1981
5515	TinyLemonz	1975
5516	Rolandminer	1973
5517	erso	1971
5518	kaptivation	1964
5519	6Bobbert9	1961
5520	badger7413	1959
5521	Mithunter0920	1955
5522	victormsmith	1953
5523	TheHazzord	1942
5524	BigFoofz	1933
5525	hr0x0	1931
5526	kingjacod	1918
5527	Scienc	1912
5528	Nishinooni	1910
5529	Talmadge1	1907
5530	MrPicklesMC	1898
5531	GraduallyMelon	1887
5532	CallOfFlooty	1878
5533	habiy	1877
5534	iHopp	1876
5535	DionysusP	1867
5536	fvkk	1862
5537	OREG0N	1859
5537	undefinedDarknes	1859
5539	GhostMechanic	1856
5540	00000000-0000-0000-0009-01f47d2e2ddc	1845
5541	TheNamesJonas	1839
5542	Jze	1836
5542	scooter_bob	1836
5544	Blackjack2028	1819
5545	leotheslayer69	1816
5546	3500jg	1811
5547	N_ah	1806
5548	QNINJA45	1805
5549	Prostremo	1802
5549	ItsBlinker	1802
5551	mariexdrei	1799
5552	pyuiut	1797
5552	Zenith_Core	1797
5554	TripleAThreat	1795
5555	LillAdre	1785
5556	halfheaded	1781
5557	ggrav	1775
5558	swattxo	1771
5559	yensiden	1765
5560	1Byrd1	1760
5561	beehivez	1759
5562	jacob_ns	1758
5563	Hyfuel	1755
5564	MeepMeepMeepMeep	1753
5565	Sinixis	1743
5565	Shane1x	1743
5567	gamersimonxx	1728
5567	bapiids	1728
5569	n_o_o_a_t_s	1720
5570	zapn	1715
5571	nuclearbird	1707
5572	grenadine	1706
5573	BeasttRecon	1699
5574	srrot	1698
5575	WCCapo17	1695
5576	aphantasia	1694
5577	ttinabeann	1692
5578	kbLxRealm	1690
5578	Boosterseat_	1690
5580	SwordUser	1687
5581	Yatitay_	1684
5582	yda5	1679
5583	IT_Dienstleister	1674
5584	Irrifractable_	1663
5585	OnePieceHype	1646
5586	arminsbabymomma	1627
5586	BlackGinger77	1627
5588	KingKhmer	1623
5589	Breakfasty	1621
5590	SaintThomas78	1617
5591	Shootsal0t	1613
5592	Lufem	1606
5592	NikoNoob	1606
5592	ztlynch	1606
5595	drunken_Michi	1601
5596	DOOOOOOOOOOOOOG	1598
5597	Bagungi	1594
5598	Unotafinkle	1592
5599	NubuckFresh	1589
5600	zomsia	1586
5601	jotonch	1577
5602	Ein_Monky	1576
5603	Mokhat	1574
5604	_Optix_	1570
5605	Juice_Malouse	1566
5606	jfoose	1560
5607	Sammycee	1538
5608	Gryian	1531
5609	moowuzz	1529
5610	phatrob	1528
5610	Shopss	1528
5612	TYCHEz	1524
5613	MagGyi	1510
5614	prasbas	1509
5614	00000000-0000-0000-0009-01f9e8236301	1509
5616	Whitcatipus	1504
5617	bay0n	1500
5617	HAHALOSAH	1500
5619	CalebYT_	1497
5620	igor_evanovich	1494
5621	HoldThis_L	1491
5622	00000000-0000-0000-0009-01f5e8801d33	1489
5623	JackSevenGG	1476
5624	RaccOff	1469
5625	scary_lettuce	1461
5625	Coffee_Fluffy	1461
5627	Miniczesio	1454
5628	toelongs	1452
5629	8BitJerb_	1444
5630	xXWaifuKingXx	1438
5631	Tazzed2399	1435
5632	SquishyButt	1433
5632	LunarPierces	1433
5634	Metrofiili97	1432
5635	g14novak	1416
5636	gonmoose	1415
5636	tweefruitguy	1415
5638	doophts	1406
5639	Kiddynamo11	1405
5640	sawdust__muncher	1395
5640	SeventhSeal	1395
5640	KingYuan1	1395
5643	w11shes	1389
5644	Nahchos	1388
5645	Baschlaf	1382
5645	y7	1382
5647	Sneakyturtle78	1367
5647	dc110598	1367
5649	njbvic24	1366
5650	Elimeno	1361
5651	ohya0118	1358
5651	Wallay_1st	1358
5653	EthanAltos	1356
5654	crzmrinoo	1351
5655	0rjuuttaja	1348
5656	Philcumber	1347
5657	CosmonautDoge	1346
5658	certainlee	1340
5659	Lugzila	1337
5659	benjirocks11	1337
5661	BroIDidntAsk	1334
5662	El_Master012	1320
5663	alabidi0509	1316
5664	AmTainted	1315
5664	AlchemistBrad	1315
5666	Masnijt	1299
5666	Siroma1	1299
5668	kubusza	1289
5669	ElvinK	1280
5669	MasterSky_	1280
5671	sylviea	1278
5672	Betarchitect	1277
5672	hummableshark	1277
5674	Darkhexer	1275
5675	Souit	1274
5676	Steele3272222	1271
5677	awesomesonic10	1269
5678	ChrisP96	1268
5679	Xrragon	1252
5680	Deliriouss	1250
5681	im_toadly	1246
5681	D3sp0t	1246
5683	Icyzhe	1240
5684	CowboyButter	1236
5685	QueenColor	1230
5686	PileOFilth	1229
5687	blacknight285	1226
5688	McD0ge	1212
5689	Xillua	1207
5690	ZabPlayz	1201
5691	Cheesy_Asian	1198
5692	TacticalPlatypus	1197
5693	EwikaGween	1196
5693	ayarei	1196
5695	crcinoGeneticist	1191
5696	Dracogamer259	1188
5697	ILuvBeansandRice	1182
5698	xxRmPx13xx	1172
5699	Pohls	1164
5699	plznogivevirus	1164
5701	PDiamand	1143
5702	Chroyo	1136
5703	TuranS	1129
5704	KingPepper96	1128
5704	DjinnPendragon	1128
5706	Raducelu	1126
5707	rancidsushi	1123
5708	tonkstorm	1120
5709	Nehq	1114
5710	cohen3811	1111
5711	DonGabagool	1108
5712	BraunEva	1103
5713	Mecarino	1101
5714	0x1D3A	1095
5715	yaylee1993	1090
5716	Banyule	1089
5716	Uchiha_br2000	1089
5718	BreadNimpsoft	1087
5719	CCBIG	1085
5720	MAns44	1081
5721	1Wiot	1074
5722	shrseh	1072
5723	player2653	1065
5724	DuckButtCut	1064
5725	TT_Mizu	1061
5726	Offbrandchips	1054
5727	grimgrusom	1049
5728	Dxvvy	1041
5729	Plebboy	1040
5730	s0undwXve	1037
5731	52crazydood	1029
5731	Samafry	1029
5733	pbichler	1025
5734	00000000-0000-0000-0009-01f6a42785f6	1024
5735	Dannej	1021
5736	Shopvan	1016
5737	TCRazer	1004
5738	haskh	1003
5739	Fasdf5	1002
5740	DeSAiRePLYX	997
5741	Booltt_	993
5742	Hemalkodi	990
5743	DeusEx_4	987
5744	BertTheBattyMan	986
5745	Jigglybutt7	985
5746	D3DX9_DLL	977
5747	sneaky0swag	975
5748	Tosfoy	974
5749	W_Revenge_W	973
5750	Nathanjo	971
5751	QQQJ	969
5752	UNDERKUTTHE	968
5753	Galaxy74	966
5754	depressykessy	964
5755	TNarg1	952
5756	ygnabgwyatim	951
5757	ml3m	940
5758	00000000-0000-0000-0009-000008698eb8	935
5759	mammamiastan	932
5760	HaerinBFA	928
5761	wwolfie	926
5762	00000000-0000-0000-0009-01f831a77cec	920
5763	slayxen	918
5764	chantelparsons	913
5765	benirv	904
5766	ReedOnly	902
5767	GabeCraft	899
5767	KoolDude505	899
5769	Slbls	893
5770	Daminthings	890
5771	iggerhatr	884
5772	xoTommy	880
5773	zieryx	879
5774	MattyJRaps	869
5775	verybigbread	868
5776	rx121	862
5777	DedRottn	860
5778	m1lftaker	859
5779	Juski101	856
5780	GRD24	854
5781	Wt0	841
5782	sage_sheaf	836
5783	Buckus69	835
5784	humaphrenix	819
5785	BreezyON	815
5786	kennyman23	811
5787	greenyoshi0403	809
5788	SoupAndSalt	807
5789	12345da25	805
5790	SaabKing	803
5791	reza223344	797
5792	benshapiro44	796
5793	Megatron1600	791
5794	pan1cattack	790
5795	Rodjour	782
5796	Nefrayx	772
5797	ParkBench_	771
5798	Rovanech	769
5799	Tokyv	766
5800	OfficalTopG	760
5801	Exensul	757
5802	Funzen	755
5803	DrunkPolitician	754
5804	sZZp	750
5804	downhalfway	750
5806	RowanStronghold	749
5807	Gecko998	747
5808	SpecialOrangutan	746
5809	Shadowclaw1280	745
5810	ManofManySnails	743
5811	Sadsadloser	739
5812	UsualPlaceZ	735
5812	Altec991	735
5814	hominleo	734
5814	jet1423	734
5814	BestRunnerNA	734
5817	00000000-0000-0000-0009-01f3f7f3bdbc	732
5818	Andy1984_8l	726
5819	Klavious	725
5820	JoniBologna666	717
5821	este_cipote	716
5822	PenguinoKing	715
5823	Milktress	713
5824	Po_GBA	707
5824	Bebabaz	707
5826	Rufftimes	703
5827	Zombei_TW	694
5828	Renvl	692
5829	5X7XN	688
5830	ouzos	684
5831	uma_tartaruga	683
5832	Ouroborealis	681
5833	QuietKush	676
5834	OptimusRifai	673
5835	NimzoLinihist	672
5836	smokindix	670
5837	_aperson1	669
5838	EnderAres	666
5839	ghostlouishotfr	664
5840	swellwombat	661
5841	EchoOfTheRiver	660
5842	BufferTier	653
5843	WolfSaurus	643
5844	HoennIsBest	639
5844	Jiiiinn	639
5846	gender_generator	637
5847	nickimanaj	636
5848	hus_ok	629
5849	animeloverlowe	627
5849	EricHo_HK159	627
5851	Wyimaginowana	620
5852	xinfernosx	616
5853	CrowdedMountain	615
5854	AEvolvedPotato	614
5855	Minusgrade	613
5856	Necessary_Troll	612
5857	GodkewXD	611
5858	LuciferFaery	610
5859	starsiding	609
5860	MoneyCee	603
5861	General_Lazz3rus	601
5861	DISRESPECKY	601
5863	Neolas	599
5863	morganhasclout	599
5865	jude26538292	598
5866	DazB7	597
5866	Mehras	597
5868	I_Like_Fries	591
5869	JoceyJuice	586
5870	jetpackXL	585
5871	toltolanatole	581
5872	M010t0v	578
5873	Glazegan	577
5874	V0id_Glitch	576
5875	Harko4	575
5876	yjako	571
5877	KozunK	570
5878	HansKlok1	569
5879	Soran_Zero	568
5880	Raichu76800	566
5880	XoKiERONoX	566
5882	CoolMeth	555
5883	Koerky	554
5884	slimeychicklol	552
5884	Bolodebatata	552
5886	CG_xRAMPAGEx	548
5887	DamSwag	546
5888	nikobro	541
5888	lucia_073	541
5890	qssb	540
5891	UhhLilly	535
5892	Milan_A113	532
5893	Dustin_Doucette	525
5894	JacobRoesbrugge	522
5895	LAMWorkshopLead	520
5896	_souhait	518
5897	Lades181	513
5898	xXEntropySauceXx	512
5899	Zweide	511
5899	HermionieGamer	511
5901	Farotler	509
5902	XX_N4ZER_XX	505
5903	Fortnitepro2023	496
5903	rm_renfield	496
5905	H_ij	495
5906	baileywolverine	488
5907	jfireball18	483
5907	Crocodile175	483
5909	_Kesar_	482
5909	meatfetus	482
5911	GitpaT244	481
5911	JFDD	481
5911	deleted04212021	481
5914	Pr0cy0n_L0t0r	474
5915	st00pidn00b	467
5916	PhoenixShush	461
5917	75adbfd6-2897-301c-a75c-1daa4cafab2a	460
5918	IIgnatius	458
5919	_first_strike_	454
5920	Mainko	453
5920	Ifrit788	453
5922	bactobene	452
5923	NozzaVevo	450
5924	onionguy55	447
5925	Hasmith99	446
5925	SteadyPrayinj	446
5925	Wooahthere	446
5928	AresBird	443
5929	Spartan_082	442
5930	tinypet	440
5931	pangeagirls	438
5932	Schoonvader	434
5933	CAROLXNE	423
5934	javasocket	422
5935	001J99	417
5935	R4ce	417
5937	NeaRRagE	414
5938	CaptainNick999	412
5939	Toonch	405
5940	Biawa	403
5941	00000000-0000-0000-0009-01fadaa2edee	402
5942	Vexkriller	401
5943	token_knob	397
5943	OneMinuteDeen	397
5945	kk0	395
5945	xzclayz	395
5947	Torrentel	392
5948	buttmustard	390
5948	GG_Nabu	390
5950	_Void57	388
5951	Denal1	383
5951	TwinkEngine	383
5953	AdamBudget	380
5954	UnHolyVenom	372
5955	gw145541	369
5956	xanman	368
5957	bib123aaa	366
5958	AngryBathrobeMan	365
5959	Chip_Lorenzo	363
5960	jade1202	362
5961	NewName001	360
5961	Crazy_Ray_	360
5963	Kira2404	358
5963	korben2003	358
5965	Mr_Gulle	357
5966	jpjl59	356
5967	Hazzaman2012	355
5968	3tox	353
5969	sirbaker1	351
5970	InfruAnt_X	347
5970	Carl_S4tan	347
5972	TurboCzarek	344
5973	Sebbuilder1000	341
5974	Niklas050304	340
5975	robot4gamer	334
5976	OrenSenkai	331
5977	DestructCube	323
5978	lp_zero	321
5979	ipergabri	317
5980	Scades	315
5981	mrperson413	311
5982	thehangrybadger	310
5983	EntropyPI	304
5984	00000000-0000-0000-0009-01f6051776d9	293
5985	v1xk1	291
5986	Scypress	287
5987	stingervenom	285
5988	jackyman456	280
5989	missXD	277
5990	_DigiDev	268
5991	FreeUnbanFreeBba	266
5991	00000000-0000-0000-0009-000005aa8061	266
5993	Desir3dDeath	263
5993	DahliaIsHere	263
5995	JAMESRHENDLEY99	261
5996	Tsuk4ni	255
5996	FrontalCactus	255
5998	TGAMING__	254
5999	uoftmeatrider	246
5999	Seungwoo1115	246
6001	LJIANGN	244
6002	Lm9_	242
6003	aespera	240
6004	masterdobbs44	239
6005	Nel_Frog	236
6006	APSP1CE	231
6007	NickRetro	230
6008	DogeSamurai11	228
6009	BingusBongos	227
6010	squigglyblimp	226
6011	_Also	221
6012	Shade249	220
6012	LegoRL	220
6014	huysbestlegit	219
6015	Andryuss	216
6016	Kussehviskerv1	212
6016	cofichiquito	212
6018	lierseleow	207
6019	Seturrox	204
6020	Kerryleemcg	202
6021	Baconator8000	201
6022	JayDay420	200
6023	5forSilver	199
6024	EclipeCC	194
6025	The_Mining_Man	189
6026	evilunknown	183
6026	tt22	183
6028	KevTez	182
6029	riggive0408	181
6030	Algottheman10	180
6031	Kryo2001	179
6032	amazingasdf	177
6032	BurpBoy	177
6032	Fabby_	177
6035	JulianGomezm	175
6035	KellyMeister	175
6037	firefast1235	174
6038	ProfessorMine	169
6038	Thewaffleninja64	169
6040	Stalker2B	167
6041	John_Camel	164
6042	Thph793	163
6043	Arctor	162
6044	grunspengruh	157
6045	caffa509-1d8a-47b9-8f23-03790379e548	156
6045	Knitter95	156
6047	Numbist	154
6048	Awdex	152
6049	3Riot	146
6050	Nate0504	144
6050	dannith	144
6050	Benjamin9703	144
6053	DonZimiHD	141
6053	wille_95	141
6055	FuzzyDog5	135
6055	MLGFox	135
6057	wafflesDev	134
6058	feiGuang_	129
6059	K4ELYN	128
6060	radthaaad	125
6060	MrCrapAholic	125
6062	MrCrazyPenguin	122
6063	fritterfries	121
6063	11megan	121
6063	datassdoe	121
6063	QuentinLaKalash	121
6067	Ghander	119
6068	Reheight	118
6069	MorbidMind666	109
6069	tonypatacca	109
6071	T0talN1nja	107
6071	Assertive_Simp	107
6073	pixelatedbatman	104
6074	DiscoDead99	100
6075	xStrikerr	97
6076	Bung_Vulchungo	94
6077	OverU_Nix	93
6078	Willy_Wilson	85
6079	Papa_Marco	75
6080	NinjabrineRotMG	73
6081	Kipling123	71
6081	AlexTheGamer1	71
6083	butter_lucus	69
6084	Tall_White_Dude	67
6085	Swe	64
6086	TW_CANON	63
6087	godblesseddd	62
6088	fajfklwa	60
6088	Dambakqurr	60
6090	Hot_Max	57
6091	NoMouseGang	55
6092	xianyvgan	52
6093	Bruhmomentyt	51
6093	00000000-0000-0000-0009-01f3058d774e	51
6095	Tightt	50
6096	victoriasAngel	49
6096	spiccioli	49
6098	SabelChief	48
6098	JEJUJUNW	48
6100	JACKGOD	46
6100	TheOneWeirdKid	46
6102	HealBoy77	41
6103	5inx	39
6104	smackx	33
6105	SladeShot	31
6106	xanalpvpgod	9
6107	kittenswolf	6
6108	CooledRat190135	2
